"source_sha256","method_version","step_ms","merge_gap_ms","event_id","track_a","track_b","start_ms","end_ms","min_ttc_time_ms","min_ttc_s","candidate_samples","kinds","review_status","review_note"
"7ce981d85b5399f93de7b88bab4c9baf2b25ca1717e96b3f39964f69fe50d18a","cv-obb-events-v1","100","300","Tianjin/8_2_1/5|Tianjin/8_2_1/8@700","Tianjin/8_2_1/5","Tianjin/8_2_1/8","700","1600","1300","2.058674793999418","10","cross|rear","uncertain","自动验收临时备注：无法判断"
"7ce981d85b5399f93de7b88bab4c9baf2b25ca1717e96b3f39964f69fe50d18a","cv-obb-events-v1","100","300","Tianjin/8_2_1/4|Tianjin/8_2_1/9@3100","Tianjin/8_2_1/4","Tianjin/8_2_1/9","3100","4000","3600","2.766524746435601","10","rear","pending",""
"7ce981d85b5399f93de7b88bab4c9baf2b25ca1717e96b3f39964f69fe50d18a","cv-obb-events-v1","100","300","Tianjin/8_2_1/6|Tianjin/8_2_1/8@4100","Tianjin/8_2_1/6","Tianjin/8_2_1/8","4100","5100","4800","1.6328836860309437","11","cross|rear","pending",""
"7ce981d85b5399f93de7b88bab4c9baf2b25ca1717e96b3f39964f69fe50d18a","cv-obb-events-v1","100","300","Tianjin/8_2_1/12|Tianjin/8_2_1/13@11200","Tianjin/8_2_1/12","Tianjin/8_2_1/13","11200","12000","11700","2.5347222531438587","9","cross|other","pending",""
"7ce981d85b5399f93de7b88bab4c9baf2b25ca1717e96b3f39964f69fe50d18a","cv-obb-events-v1","100","300","Tianjin/8_2_1/17|Tianjin/8_2_1/19@15100","Tianjin/8_2_1/17","Tianjin/8_2_1/19","15100","16000","15800","1.3528276449422483","10","cross","pending",""
"7ce981d85b5399f93de7b88bab4c9baf2b25ca1717e96b3f39964f69fe50d18a","cv-obb-events-v1","100","300","Tianjin/8_2_1/18|Tianjin/8_2_1/20@20900","Tianjin/8_2_1/18","Tianjin/8_2_1/20","20900","21000","21000","2.6771788490160984","2","vulnerable","pending",""
"7ce981d85b5399f93de7b88bab4c9baf2b25ca1717e96b3f39964f69fe50d18a","cv-obb-events-v1","100","300","Tianjin/8_2_1/25|Tianjin/8_2_1/P5@28600","Tianjin/8_2_1/25","Tianjin/8_2_1/P5","28600","29400","29300","2.365075616146749","9","vulnerable","pending",""
"7ce981d85b5399f93de7b88bab4c9baf2b25ca1717e96b3f39964f69fe50d18a","cv-obb-events-v1","100","300","Tianjin/8_2_1/26|Tianjin/8_2_1/32@34200","Tianjin/8_2_1/26","Tianjin/8_2_1/32","34200","36800","36700","0.587942340479104","27","vulnerable","pending",""
"7ce981d85b5399f93de7b88bab4c9baf2b25ca1717e96b3f39964f69fe50d18a","cv-obb-events-v1","100","300","Tianjin/8_2_1/31|Tianjin/8_2_1/34@48600","Tianjin/8_2_1/31","Tianjin/8_2_1/34","48600","49100","48900","2.5937004056211794","6","vulnerable","pending",""
"7ce981d85b5399f93de7b88bab4c9baf2b25ca1717e96b3f39964f69fe50d18a","cv-obb-events-v1","100","300","Tianjin/8_2_1/37|Tianjin/8_2_1/8@63100","Tianjin/8_2_1/37","Tianjin/8_2_1/8","63100","65200","65200","1.1601901275187863","22","rear|other","pending",""
"7ce981d85b5399f93de7b88bab4c9baf2b25ca1717e96b3f39964f69fe50d18a","cv-obb-events-v1","100","300","Tianjin/8_2_1/44|Tianjin/8_2_1/45@72700","Tianjin/8_2_1/44","Tianjin/8_2_1/45","72700","73600","73300","2.5458655542237123","10","other","pending",""
"7ce981d85b5399f93de7b88bab4c9baf2b25ca1717e96b3f39964f69fe50d18a","cv-obb-events-v1","100","300","Tianjin/8_2_1/43|Tianjin/8_2_1/51@75800","Tianjin/8_2_1/43","Tianjin/8_2_1/51","75800","76100","75900","2.887179696804328","4","cross","pending",""
"7ce981d85b5399f93de7b88bab4c9baf2b25ca1717e96b3f39964f69fe50d18a","cv-obb-events-v1","100","300","Tianjin/8_2_1/35|Tianjin/8_2_1/51@77800","Tianjin/8_2_1/35","Tianjin/8_2_1/51","77800","78000","78000","2.910458903114138","3","cross","pending",""
"7ce981d85b5399f93de7b88bab4c9baf2b25ca1717e96b3f39964f69fe50d18a","cv-obb-events-v1","100","300","Tianjin/8_2_1/40|Tianjin/8_2_1/51@78200","Tianjin/8_2_1/40","Tianjin/8_2_1/51","78200","79200","79200","2.360292633075881","11","cross","pending",""
"7ce981d85b5399f93de7b88bab4c9baf2b25ca1717e96b3f39964f69fe50d18a","cv-obb-events-v1","100","300","Tianjin/8_2_1/46|Tianjin/8_2_1/47@80400","Tianjin/8_2_1/46","Tianjin/8_2_1/47","80400","81100","80800","2.2121159508836974","8","cross","pending",""
"7ce981d85b5399f93de7b88bab4c9baf2b25ca1717e96b3f39964f69fe50d18a","cv-obb-events-v1","100","300","Tianjin/8_2_1/35|Tianjin/8_2_1/53@80700","Tianjin/8_2_1/35","Tianjin/8_2_1/53","80700","80900","80900","2.729108197703501","3","other","pending",""
"7ce981d85b5399f93de7b88bab4c9baf2b25ca1717e96b3f39964f69fe50d18a","cv-obb-events-v1","100","300","Tianjin/8_2_1/49|Tianjin/8_2_1/50@80700","Tianjin/8_2_1/49","Tianjin/8_2_1/50","80700","80800","80800","2.9464673142241096","2","vulnerable","pending",""
"7ce981d85b5399f93de7b88bab4c9baf2b25ca1717e96b3f39964f69fe50d18a","cv-obb-events-v1","100","300","Tianjin/8_2_1/55|Tianjin/8_2_1/P10@83300","Tianjin/8_2_1/55","Tianjin/8_2_1/P10","83300","83400","83400","2.906536172996824","2","vulnerable","pending",""
"7ce981d85b5399f93de7b88bab4c9baf2b25ca1717e96b3f39964f69fe50d18a","cv-obb-events-v1","100","300","Tianjin/8_2_1/55|Tianjin/8_2_1/P9@83600","Tianjin/8_2_1/55","Tianjin/8_2_1/P9","83600","83700","83600","2.8212401071874385","2","vulnerable","pending",""
"7ce981d85b5399f93de7b88bab4c9baf2b25ca1717e96b3f39964f69fe50d18a","cv-obb-events-v1","100","300","Tianjin/8_2_1/50|Tianjin/8_2_1/56@84100","Tianjin/8_2_1/50","Tianjin/8_2_1/56","84100","84100","84100","2.9447597072476652","1","vulnerable","pending",""
"7ce981d85b5399f93de7b88bab4c9baf2b25ca1717e96b3f39964f69fe50d18a","cv-obb-events-v1","100","300","Tianjin/8_2_1/54|Tianjin/8_2_1/P10@85500","Tianjin/8_2_1/54","Tianjin/8_2_1/P10","85500","86300","86100","0","9","vulnerable|overlap","pending",""
"7ce981d85b5399f93de7b88bab4c9baf2b25ca1717e96b3f39964f69fe50d18a","cv-obb-events-v1","100","300","Tianjin/8_2_1/54|Tianjin/8_2_1/P11@86400","Tianjin/8_2_1/54","Tianjin/8_2_1/P11","86400","86700","86700","2.587100605378505","4","vulnerable","pending",""
"7ce981d85b5399f93de7b88bab4c9baf2b25ca1717e96b3f39964f69fe50d18a","cv-obb-events-v1","100","300","Tianjin/8_2_1/47|Tianjin/8_2_1/54@87500","Tianjin/8_2_1/47","Tianjin/8_2_1/54","87500","88400","88400","2.129145809772946","10","cross|other","pending",""
"7ce981d85b5399f93de7b88bab4c9baf2b25ca1717e96b3f39964f69fe50d18a","cv-obb-events-v1","100","300","Tianjin/8_2_1/3|Tianjin/8_2_1/55@88800","Tianjin/8_2_1/3","Tianjin/8_2_1/55","88800","88900","88900","2.881180514137165","2","other","pending",""
"7ce981d85b5399f93de7b88bab4c9baf2b25ca1717e96b3f39964f69fe50d18a","cv-obb-events-v1","100","300","Tianjin/8_2_1/60|Tianjin/8_2_1/P10@89800","Tianjin/8_2_1/60","Tianjin/8_2_1/P10","89800","90600","90400","2.764050318767529","9","vulnerable","pending",""
"7ce981d85b5399f93de7b88bab4c9baf2b25ca1717e96b3f39964f69fe50d18a","cv-obb-events-v1","100","300","Tianjin/8_2_1/60|Tianjin/8_2_1/P9@90200","Tianjin/8_2_1/60","Tianjin/8_2_1/P9","90200","91000","90900","2.654276480409882","9","vulnerable","pending",""
"7ce981d85b5399f93de7b88bab4c9baf2b25ca1717e96b3f39964f69fe50d18a","cv-obb-events-v1","100","300","Tianjin/8_2_1/59|Tianjin/8_2_1/P11@91600","Tianjin/8_2_1/59","Tianjin/8_2_1/P11","91600","92800","92600","1.872521589382738","13","vulnerable","pending",""
"7ce981d85b5399f93de7b88bab4c9baf2b25ca1717e96b3f39964f69fe50d18a","cv-obb-events-v1","100","300","Tianjin/8_2_1/47|Tianjin/8_2_1/59@93000","Tianjin/8_2_1/47","Tianjin/8_2_1/59","93000","94100","94100","2.3888957033646707","12","cross","pending",""
"7ce981d85b5399f93de7b88bab4c9baf2b25ca1717e96b3f39964f69fe50d18a","cv-obb-events-v1","100","300","Tianjin/8_2_1/64|Tianjin/8_2_1/P12@107700","Tianjin/8_2_1/64","Tianjin/8_2_1/P12","107700","108800","108300","2.010678161134262","12","vulnerable","pending",""
"7ce981d85b5399f93de7b88bab4c9baf2b25ca1717e96b3f39964f69fe50d18a","cv-obb-events-v1","100","300","Tianjin/8_2_1/69|Tianjin/8_2_1/70@112600","Tianjin/8_2_1/69","Tianjin/8_2_1/70","112600","113100","112800","1.5313183539930355","6","cross|other","pending",""
"7ce981d85b5399f93de7b88bab4c9baf2b25ca1717e96b3f39964f69fe50d18a","cv-obb-events-v1","100","300","Tianjin/8_2_1/72|Tianjin/8_2_1/75@114900","Tianjin/8_2_1/72","Tianjin/8_2_1/75","114900","115500","115500","1.6730494664985605","7","cross","pending",""
"7ce981d85b5399f93de7b88bab4c9baf2b25ca1717e96b3f39964f69fe50d18a","cv-obb-events-v1","100","300","Tianjin/8_2_1/50|Tianjin/8_2_1/68@117600","Tianjin/8_2_1/50","Tianjin/8_2_1/68","117600","117900","117700","2.701673545140301","4","vulnerable","pending",""
"7ce981d85b5399f93de7b88bab4c9baf2b25ca1717e96b3f39964f69fe50d18a","cv-obb-events-v1","100","300","Tianjin/8_2_1/50|Tianjin/8_2_1/75@119700","Tianjin/8_2_1/50","Tianjin/8_2_1/75","119700","120100","120100","2.4406372465828863","5","vulnerable","pending",""
"7ce981d85b5399f93de7b88bab4c9baf2b25ca1717e96b3f39964f69fe50d18a","cv-obb-events-v1","100","300","Tianjin/8_2_1/77|Tianjin/8_2_1/80@123100","Tianjin/8_2_1/77","Tianjin/8_2_1/80","123100","123200","123200","2.145627380219454","2","cross","pending",""
"7ce981d85b5399f93de7b88bab4c9baf2b25ca1717e96b3f39964f69fe50d18a","cv-obb-events-v1","100","300","Tianjin/8_2_1/73|Tianjin/8_2_1/78@136500","Tianjin/8_2_1/73","Tianjin/8_2_1/78","136500","137200","137000","2.393093303425479","8","other","pending",""
"7ce981d85b5399f93de7b88bab4c9baf2b25ca1717e96b3f39964f69fe50d18a","cv-obb-events-v1","100","300","Tianjin/8_2_1/70|Tianjin/8_2_1/85@139200","Tianjin/8_2_1/70","Tianjin/8_2_1/85","139200","139400","139300","1.497406370791502","3","cross","pending",""
"7ce981d85b5399f93de7b88bab4c9baf2b25ca1717e96b3f39964f69fe50d18a","cv-obb-events-v1","100","300","Tianjin/8_2_1/84|Tianjin/8_2_1/86@142000","Tianjin/8_2_1/84","Tianjin/8_2_1/86","142000","142200","142100","2.911054526859323","3","vulnerable","pending",""
"7ce981d85b5399f93de7b88bab4c9baf2b25ca1717e96b3f39964f69fe50d18a","cv-obb-events-v1","100","300","Tianjin/8_2_1/86|Tianjin/8_2_1/88@146300","Tianjin/8_2_1/86","Tianjin/8_2_1/88","146300","146800","146400","2.526427142541494","6","cross","pending",""
"7ce981d85b5399f93de7b88bab4c9baf2b25ca1717e96b3f39964f69fe50d18a","cv-obb-events-v1","100","300","Tianjin/8_2_1/8|Tianjin/8_2_1/90@164100","Tianjin/8_2_1/8","Tianjin/8_2_1/90","164100","164200","164200","2.9411426289365394","2","vulnerable","pending",""
"7ce981d85b5399f93de7b88bab4c9baf2b25ca1717e96b3f39964f69fe50d18a","cv-obb-events-v1","100","300","Tianjin/8_2_1/8|Tianjin/8_2_1/90@165100","Tianjin/8_2_1/8","Tianjin/8_2_1/90","165100","166300","166300","1.1713655276136137","13","vulnerable","pending",""
"7ce981d85b5399f93de7b88bab4c9baf2b25ca1717e96b3f39964f69fe50d18a","cv-obb-events-v1","100","300","Tianjin/8_2_1/101|Tianjin/8_2_1/P14@182400","Tianjin/8_2_1/101","Tianjin/8_2_1/P14","182400","183600","183600","2.2401617968305763","13","vulnerable","pending",""
"7ce981d85b5399f93de7b88bab4c9baf2b25ca1717e96b3f39964f69fe50d18a","cv-obb-events-v1","100","300","Tianjin/8_2_1/100|Tianjin/8_2_1/103@183200","Tianjin/8_2_1/100","Tianjin/8_2_1/103","183200","184700","184700","2.4187724165317674","16","cross","pending",""
"7ce981d85b5399f93de7b88bab4c9baf2b25ca1717e96b3f39964f69fe50d18a","cv-obb-events-v1","100","300","Tianjin/8_2_1/108|Tianjin/8_2_1/P14@197500","Tianjin/8_2_1/108","Tianjin/8_2_1/P14","197500","199300","198900","1.7090517776038219","19","vulnerable","pending",""
"7ce981d85b5399f93de7b88bab4c9baf2b25ca1717e96b3f39964f69fe50d18a","cv-obb-events-v1","100","300","Tianjin/8_2_1/106|Tianjin/8_2_1/110@202600","Tianjin/8_2_1/106","Tianjin/8_2_1/110","202600","203500","203000","2.6344683732795118","10","cross","pending",""
"7ce981d85b5399f93de7b88bab4c9baf2b25ca1717e96b3f39964f69fe50d18a","cv-obb-events-v1","100","300","Tianjin/8_2_1/107|Tianjin/8_2_1/109@204500","Tianjin/8_2_1/107","Tianjin/8_2_1/109","204500","205100","204600","2.130839535202015","7","vulnerable","pending",""
"7ce981d85b5399f93de7b88bab4c9baf2b25ca1717e96b3f39964f69fe50d18a","cv-obb-events-v1","100","300","Tianjin/8_2_1/114|Tianjin/8_2_1/P16@211700","Tianjin/8_2_1/114","Tianjin/8_2_1/P16","211700","212600","212400","0.9753985348304048","10","vulnerable","pending",""
"7ce981d85b5399f93de7b88bab4c9baf2b25ca1717e96b3f39964f69fe50d18a","cv-obb-events-v1","100","300","Tianjin/8_2_1/111|Tianjin/8_2_1/114@211800","Tianjin/8_2_1/111","Tianjin/8_2_1/114","211800","212400","212300","2.5698560205121814","7","other","pending",""
"7ce981d85b5399f93de7b88bab4c9baf2b25ca1717e96b3f39964f69fe50d18a","cv-obb-events-v1","100","300","Tianjin/8_2_1/104|Tianjin/8_2_1/P17@213700","Tianjin/8_2_1/104","Tianjin/8_2_1/P17","213700","213900","213700","0","3","overlap","pending",""
"7ce981d85b5399f93de7b88bab4c9baf2b25ca1717e96b3f39964f69fe50d18a","cv-obb-events-v1","100","300","Tianjin/8_2_1/115|Tianjin/8_2_1/117@215100","Tianjin/8_2_1/115","Tianjin/8_2_1/117","215100","215100","215100","1.449839216647706","1","cross","pending",""
"7ce981d85b5399f93de7b88bab4c9baf2b25ca1717e96b3f39964f69fe50d18a","cv-obb-events-v1","100","300","Tianjin/8_2_1/116|Tianjin/8_2_1/118@216000","Tianjin/8_2_1/116","Tianjin/8_2_1/118","216000","216300","216300","2.694107849242602","4","rear","pending",""
"7ce981d85b5399f93de7b88bab4c9baf2b25ca1717e96b3f39964f69fe50d18a","cv-obb-events-v1","100","300","Tianjin/8_2_1/109|Tianjin/8_2_1/119@222000","Tianjin/8_2_1/109","Tianjin/8_2_1/119","222000","222400","222300","2.722212831733952","5","cross","pending",""
"7ce981d85b5399f93de7b88bab4c9baf2b25ca1717e96b3f39964f69fe50d18a","cv-obb-events-v1","100","300","Tianjin/8_2_1/110|Tianjin/8_2_1/119@222300","Tianjin/8_2_1/110","Tianjin/8_2_1/119","222300","223800","223300","0.8102482222605201","16","cross|other","pending",""
"7ce981d85b5399f93de7b88bab4c9baf2b25ca1717e96b3f39964f69fe50d18a","cv-obb-events-v1","100","300","Tianjin/8_2_1/110|Tianjin/8_2_1/125@229600","Tianjin/8_2_1/110","Tianjin/8_2_1/125","229600","230600","229900","2.476546959397012","11","rear","pending",""
"7ce981d85b5399f93de7b88bab4c9baf2b25ca1717e96b3f39964f69fe50d18a","cv-obb-events-v1","100","300","Tianjin/8_2_1/125|Tianjin/8_2_1/P15@235200","Tianjin/8_2_1/125","Tianjin/8_2_1/P15","235200","236000","236000","1.774244800283511","9","vulnerable","pending",""
"7ce981d85b5399f93de7b88bab4c9baf2b25ca1717e96b3f39964f69fe50d18a","cv-obb-events-v1","100","300","Tianjin/8_2_1/128|Tianjin/8_2_1/131@237600","Tianjin/8_2_1/128","Tianjin/8_2_1/131","237600","237700","237700","2.8519291637701016","2","cross","pending",""
"7ce981d85b5399f93de7b88bab4c9baf2b25ca1717e96b3f39964f69fe50d18a","cv-obb-events-v1","100","300","Tianjin/8_2_1/127|Tianjin/8_2_1/P15@238400","Tianjin/8_2_1/127","Tianjin/8_2_1/P15","238400","238900","238900","1.8640375495812294","6","vulnerable","pending",""
"7ce981d85b5399f93de7b88bab4c9baf2b25ca1717e96b3f39964f69fe50d18a","cv-obb-events-v1","100","300","Tianjin/8_2_1/130|Tianjin/8_2_1/133@241400","Tianjin/8_2_1/130","Tianjin/8_2_1/133","241400","242000","242000","2.030418208251965","7","cross","pending",""
"7ce981d85b5399f93de7b88bab4c9baf2b25ca1717e96b3f39964f69fe50d18a","cv-obb-events-v1","100","300","Tianjin/8_2_1/129|Tianjin/8_2_1/134@244300","Tianjin/8_2_1/129","Tianjin/8_2_1/134","244300","245200","244800","2.855718379119642","10","rear","pending",""
"7ce981d85b5399f93de7b88bab4c9baf2b25ca1717e96b3f39964f69fe50d18a","cv-obb-events-v1","100","300","Tianjin/8_2_1/135|Tianjin/8_2_1/140@251900","Tianjin/8_2_1/135","Tianjin/8_2_1/140","251900","253300","253000","2.1230516779252318","15","vulnerable","pending",""
"7ce981d85b5399f93de7b88bab4c9baf2b25ca1717e96b3f39964f69fe50d18a","cv-obb-events-v1","100","300","Tianjin/8_2_1/140|Tianjin/8_2_1/141@253100","Tianjin/8_2_1/140","Tianjin/8_2_1/141","253100","253200","253100","2.91165366469543","2","other","pending",""
"7ce981d85b5399f93de7b88bab4c9baf2b25ca1717e96b3f39964f69fe50d18a","cv-obb-events-v1","100","300","Tianjin/8_2_1/135|Tianjin/8_2_1/141@253600","Tianjin/8_2_1/135","Tianjin/8_2_1/141","253600","254400","254300","2.5574102540698402","9","vulnerable","pending",""
"7ce981d85b5399f93de7b88bab4c9baf2b25ca1717e96b3f39964f69fe50d18a","cv-obb-events-v1","100","300","Tianjin/8_2_1/141|Tianjin/8_2_1/8@256900","Tianjin/8_2_1/141","Tianjin/8_2_1/8","256900","257400","257300","1.8564522267298638","6","other|rear","pending",""
"7ce981d85b5399f93de7b88bab4c9baf2b25ca1717e96b3f39964f69fe50d18a","cv-obb-events-v1","100","300","Tianjin/8_2_1/124|Tianjin/8_2_1/134@259600","Tianjin/8_2_1/124","Tianjin/8_2_1/134","259600","260400","260400","2.0602002857049393","9","other","pending",""
"7ce981d85b5399f93de7b88bab4c9baf2b25ca1717e96b3f39964f69fe50d18a","cv-obb-events-v1","100","300","Tianjin/8_2_1/135|Tianjin/8_2_1/8@261000","Tianjin/8_2_1/135","Tianjin/8_2_1/8","261000","261600","261400","2.817515942064257","7","vulnerable","pending",""
"7ce981d85b5399f93de7b88bab4c9baf2b25ca1717e96b3f39964f69fe50d18a","cv-obb-events-v1","100","300","Tianjin/8_2_1/135|Tianjin/8_2_1/8@262000","Tianjin/8_2_1/135","Tianjin/8_2_1/8","262000","262800","262800","1.4020477221951368","9","vulnerable","pending",""
"7ce981d85b5399f93de7b88bab4c9baf2b25ca1717e96b3f39964f69fe50d18a","cv-obb-events-v1","100","300","Tianjin/8_2_1/134|Tianjin/8_2_1/143@262500","Tianjin/8_2_1/134","Tianjin/8_2_1/143","262500","262700","262700","2.762765742435447","3","other","pending",""
"7ce981d85b5399f93de7b88bab4c9baf2b25ca1717e96b3f39964f69fe50d18a","cv-obb-events-v1","100","300","Tianjin/8_2_1/137|Tianjin/8_2_1/145@267200","Tianjin/8_2_1/137","Tianjin/8_2_1/145","267200","267400","267400","2.6605448252552737","3","other","pending",""
"7ce981d85b5399f93de7b88bab4c9baf2b25ca1717e96b3f39964f69fe50d18a","cv-obb-events-v1","100","300","Tianjin/8_2_1/136|Tianjin/8_2_1/P21@274100","Tianjin/8_2_1/136","Tianjin/8_2_1/P21","274100","274600","274100","0","6","overlap","pending",""
"7ce981d85b5399f93de7b88bab4c9baf2b25ca1717e96b3f39964f69fe50d18a","cv-obb-events-v1","100","300","Tianjin/8_2_1/136|Tianjin/8_2_1/P21@286700","Tianjin/8_2_1/136","Tianjin/8_2_1/P21","286700","289100","288400","0.30699284032148283","25","vulnerable","pending",""
"7ce981d85b5399f93de7b88bab4c9baf2b25ca1717e96b3f39964f69fe50d18a","cv-obb-events-v1","100","300","Tianjin/8_2_1/150|Tianjin/8_2_1/154@287700","Tianjin/8_2_1/150","Tianjin/8_2_1/154","287700","288700","288400","2.0324075119141094","11","other","pending",""
"7ce981d85b5399f93de7b88bab4c9baf2b25ca1717e96b3f39964f69fe50d18a","cv-obb-events-v1","100","300","Tianjin/8_2_1/150|Tianjin/8_2_1/156@287800","Tianjin/8_2_1/150","Tianjin/8_2_1/156","287800","287800","287800","2.9515206591219476","1","other","pending",""
"7ce981d85b5399f93de7b88bab4c9baf2b25ca1717e96b3f39964f69fe50d18a","cv-obb-events-v1","100","300","Tianjin/8_2_1/136|Tianjin/8_2_1/P21@289500","Tianjin/8_2_1/136","Tianjin/8_2_1/P21","289500","289800","289600","0.3712349561478567","4","vulnerable","pending",""
"7ce981d85b5399f93de7b88bab4c9baf2b25ca1717e96b3f39964f69fe50d18a","cv-obb-events-v1","100","300","Tianjin/8_2_1/150|Tianjin/8_2_1/8@291600","Tianjin/8_2_1/150","Tianjin/8_2_1/8","291600","291700","291700","2.946731912167297","2","rear","pending",""
"7ce981d85b5399f93de7b88bab4c9baf2b25ca1717e96b3f39964f69fe50d18a","cv-obb-events-v1","100","300","Tianjin/8_2_1/159|Tianjin/8_2_1/164@309600","Tianjin/8_2_1/159","Tianjin/8_2_1/164","309600","311900","310800","1.5091758512590276","24","rear","pending",""
"7ce981d85b5399f93de7b88bab4c9baf2b25ca1717e96b3f39964f69fe50d18a","cv-obb-events-v1","100","300","Tianjin/8_2_1/160|Tianjin/8_2_1/8@312300","Tianjin/8_2_1/160","Tianjin/8_2_1/8","312300","313400","313300","1.9474575055504217","12","vulnerable","pending",""
"7ce981d85b5399f93de7b88bab4c9baf2b25ca1717e96b3f39964f69fe50d18a","cv-obb-events-v1","100","300","Tianjin/8_2_1/168|Tianjin/8_2_1/169@327300","Tianjin/8_2_1/168","Tianjin/8_2_1/169","327300","328700","328400","0.8165587416053315","15","cross|other","pending",""
"7ce981d85b5399f93de7b88bab4c9baf2b25ca1717e96b3f39964f69fe50d18a","cv-obb-events-v1","100","300","Tianjin/8_2_1/168|Tianjin/8_2_1/176@336500","Tianjin/8_2_1/168","Tianjin/8_2_1/176","336500","337600","337500","1.5263148026269742","12","cross|other","pending",""
"7ce981d85b5399f93de7b88bab4c9baf2b25ca1717e96b3f39964f69fe50d18a","cv-obb-events-v1","100","300","Tianjin/8_2_1/186|Tianjin/8_2_1/190@361200","Tianjin/8_2_1/186","Tianjin/8_2_1/190","361200","362900","362900","1.2481540348520523","18","cross","pending",""
"7ce981d85b5399f93de7b88bab4c9baf2b25ca1717e96b3f39964f69fe50d18a","cv-obb-events-v1","100","300","Tianjin/8_2_1/180|Tianjin/8_2_1/189@364500","Tianjin/8_2_1/180","Tianjin/8_2_1/189","364500","365100","365100","2.588077020709272","7","vulnerable","pending",""
"7ce981d85b5399f93de7b88bab4c9baf2b25ca1717e96b3f39964f69fe50d18a","cv-obb-events-v1","100","300","Tianjin/8_2_1/191|Tianjin/8_2_1/194@375600","Tianjin/8_2_1/191","Tianjin/8_2_1/194","375600","375700","375700","2.8264649847859356","2","cross","pending",""
"7ce981d85b5399f93de7b88bab4c9baf2b25ca1717e96b3f39964f69fe50d18a","cv-obb-events-v1","100","300","Tianjin/8_2_1/194|Tianjin/8_2_1/195@380500","Tianjin/8_2_1/194","Tianjin/8_2_1/195","380500","382500","381900","2.3201353407143923","21","cross|other","pending",""
"7ce981d85b5399f93de7b88bab4c9baf2b25ca1717e96b3f39964f69fe50d18a","cv-obb-events-v1","100","300","Tianjin/8_2_1/178|Tianjin/8_2_1/194@383500","Tianjin/8_2_1/178","Tianjin/8_2_1/194","383500","384300","384200","2.3106356713248646","9","rear|other","pending",""
"7ce981d85b5399f93de7b88bab4c9baf2b25ca1717e96b3f39964f69fe50d18a","cv-obb-events-v1","100","300","Tianjin/8_2_1/178|Tianjin/8_2_1/195@383600","Tianjin/8_2_1/178","Tianjin/8_2_1/195","383600","385100","385100","0.9254287237490451","16","cross|rear","pending",""
"7ce981d85b5399f93de7b88bab4c9baf2b25ca1717e96b3f39964f69fe50d18a","cv-obb-events-v1","100","300","Tianjin/8_2_1/196|Tianjin/8_2_1/P25@385700","Tianjin/8_2_1/196","Tianjin/8_2_1/P25","385700","386100","386100","2.120329010953406","5","vulnerable","pending",""
"7ce981d85b5399f93de7b88bab4c9baf2b25ca1717e96b3f39964f69fe50d18a","cv-obb-events-v1","100","300","Tianjin/8_2_1/201|Tianjin/8_2_1/204@390400","Tianjin/8_2_1/201","Tianjin/8_2_1/204","390400","390700","390700","1.0035713065952139","4","other","pending",""
"7ce981d85b5399f93de7b88bab4c9baf2b25ca1717e96b3f39964f69fe50d18a","cv-obb-events-v1","100","300","Tianjin/8_2_1/199|Tianjin/8_2_1/200@391000","Tianjin/8_2_1/199","Tianjin/8_2_1/200","391000","391700","391700","2.323061415170931","8","vulnerable","pending",""
"7ce981d85b5399f93de7b88bab4c9baf2b25ca1717e96b3f39964f69fe50d18a","cv-obb-events-v1","100","300","Tianjin/8_2_1/207|Tianjin/8_2_1/209@401000","Tianjin/8_2_1/207","Tianjin/8_2_1/209","401000","401800","401500","1.9845454388072803","9","cross","pending",""
"7ce981d85b5399f93de7b88bab4c9baf2b25ca1717e96b3f39964f69fe50d18a","cv-obb-events-v1","100","300","Tianjin/8_2_1/208|Tianjin/8_2_1/209@402400","Tianjin/8_2_1/208","Tianjin/8_2_1/209","402400","402600","402600","2.6623122831653294","3","cross","pending",""
"7ce981d85b5399f93de7b88bab4c9baf2b25ca1717e96b3f39964f69fe50d18a","cv-obb-events-v1","100","300","Tianjin/8_2_1/205|Tianjin/8_2_1/208@406900","Tianjin/8_2_1/205","Tianjin/8_2_1/208","406900","408400","407600","1.7182530915598648","16","cross","pending",""
"7ce981d85b5399f93de7b88bab4c9baf2b25ca1717e96b3f39964f69fe50d18a","cv-obb-events-v1","100","300","Tianjin/8_2_1/208|Tianjin/8_2_1/210@408600","Tianjin/8_2_1/208","Tianjin/8_2_1/210","408600","409000","408900","2.4039298851477113","5","cross","pending",""
"7ce981d85b5399f93de7b88bab4c9baf2b25ca1717e96b3f39964f69fe50d18a","cv-obb-events-v1","100","300","Tianjin/8_2_1/210|Tianjin/8_2_1/P25@410700","Tianjin/8_2_1/210","Tianjin/8_2_1/P25","410700","410800","410800","2.8080254683850394","2","vulnerable","pending",""
"7ce981d85b5399f93de7b88bab4c9baf2b25ca1717e96b3f39964f69fe50d18a","cv-obb-events-v1","100","300","Tianjin/8_2_1/221|Tianjin/8_2_1/222@426800","Tianjin/8_2_1/221","Tianjin/8_2_1/222","426800","428000","427800","2.726814290725716","13","cross","pending",""
"7ce981d85b5399f93de7b88bab4c9baf2b25ca1717e96b3f39964f69fe50d18a","cv-obb-events-v1","100","300","Tianjin/8_2_1/219|Tianjin/8_2_1/8@427700","Tianjin/8_2_1/219","Tianjin/8_2_1/8","427700","428300","428000","2.6339305984815873","7","rear","pending",""
"7ce981d85b5399f93de7b88bab4c9baf2b25ca1717e96b3f39964f69fe50d18a","cv-obb-events-v1","100","300","Tianjin/8_2_1/225|Tianjin/8_2_1/232@448000","Tianjin/8_2_1/225","Tianjin/8_2_1/232","448000","448000","448000","2.035281004001197","1","other","pending",""
"7ce981d85b5399f93de7b88bab4c9baf2b25ca1717e96b3f39964f69fe50d18a","cv-obb-events-v1","100","300","Tianjin/8_2_1/230|Tianjin/8_2_1/233@460700","Tianjin/8_2_1/230","Tianjin/8_2_1/233","460700","461600","461300","1.583433420542889","10","cross|other","pending",""
"7ce981d85b5399f93de7b88bab4c9baf2b25ca1717e96b3f39964f69fe50d18a","cv-obb-events-v1","100","300","Tianjin/8_2_1/230|Tianjin/8_2_1/238@466000","Tianjin/8_2_1/230","Tianjin/8_2_1/238","466000","466800","466600","2.569241589575896","9","cross","pending",""
"7ce981d85b5399f93de7b88bab4c9baf2b25ca1717e96b3f39964f69fe50d18a","cv-obb-events-v1","100","300","Tianjin/8_2_1/239|Tianjin/8_2_1/P26@468000","Tianjin/8_2_1/239","Tianjin/8_2_1/P26","468000","468600","468500","2.4344035503834762","7","vulnerable","pending",""
"7ce981d85b5399f93de7b88bab4c9baf2b25ca1717e96b3f39964f69fe50d18a","cv-obb-events-v1","100","300","Tianjin/8_2_1/234|Tianjin/8_2_1/242@470400","Tianjin/8_2_1/234","Tianjin/8_2_1/242","470400","470700","470700","2.7367874336047744","4","vulnerable","pending",""
"7ce981d85b5399f93de7b88bab4c9baf2b25ca1717e96b3f39964f69fe50d18a","cv-obb-events-v1","100","300","Tianjin/8_2_1/240|Tianjin/8_2_1/246@473700","Tianjin/8_2_1/240","Tianjin/8_2_1/246","473700","473900","473900","2.891807112580946","3","cross","pending",""
"7ce981d85b5399f93de7b88bab4c9baf2b25ca1717e96b3f39964f69fe50d18a","cv-obb-events-v1","100","300","Tianjin/8_2_1/246|Tianjin/8_2_1/P27@475100","Tianjin/8_2_1/246","Tianjin/8_2_1/P27","475100","475400","475400","2.738420988172719","4","vulnerable","pending",""
"7ce981d85b5399f93de7b88bab4c9baf2b25ca1717e96b3f39964f69fe50d18a","cv-obb-events-v1","100","300","Tianjin/8_2_1/246|Tianjin/8_2_1/248@476300","Tianjin/8_2_1/246","Tianjin/8_2_1/248","476300","477000","477000","2.5986460748952362","8","cross","pending",""
"7ce981d85b5399f93de7b88bab4c9baf2b25ca1717e96b3f39964f69fe50d18a","cv-obb-events-v1","100","300","Tianjin/8_2_1/237|Tianjin/8_2_1/244@477000","Tianjin/8_2_1/237","Tianjin/8_2_1/244","477000","477200","477200","2.752125969454225","3","rear","pending",""
"7ce981d85b5399f93de7b88bab4c9baf2b25ca1717e96b3f39964f69fe50d18a","cv-obb-events-v1","100","300","Tianjin/8_2_1/243|Tianjin/8_2_1/245@478000","Tianjin/8_2_1/243","Tianjin/8_2_1/245","478000","479000","478800","0.08363519851690632","11","vulnerable","pending",""
"7ce981d85b5399f93de7b88bab4c9baf2b25ca1717e96b3f39964f69fe50d18a","cv-obb-events-v1","100","300","Tianjin/8_2_1/236|Tianjin/8_2_1/247@481500","Tianjin/8_2_1/236","Tianjin/8_2_1/247","481500","482300","481800","2.5342467498134855","9","vulnerable","pending",""
"7ce981d85b5399f93de7b88bab4c9baf2b25ca1717e96b3f39964f69fe50d18a","cv-obb-events-v1","100","300","Tianjin/8_2_1/252|Tianjin/8_2_1/253@485000","Tianjin/8_2_1/252","Tianjin/8_2_1/253","485000","486400","486200","2.6704723751512276","15","cross","pending",""
"7ce981d85b5399f93de7b88bab4c9baf2b25ca1717e96b3f39964f69fe50d18a","cv-obb-events-v1","100","300","Tianjin/8_2_1/136|Tianjin/8_2_1/P26@490700","Tianjin/8_2_1/136","Tianjin/8_2_1/P26","490700","491600","491600","2.4214120984153977","10","vulnerable","pending",""
"7ce981d85b5399f93de7b88bab4c9baf2b25ca1717e96b3f39964f69fe50d18a","cv-obb-events-v1","100","300","Tianjin/8_2_1/240|Tianjin/8_2_1/257@491000","Tianjin/8_2_1/240","Tianjin/8_2_1/257","491000","491200","491200","2.7959569572570206","3","cross","pending",""
"7ce981d85b5399f93de7b88bab4c9baf2b25ca1717e96b3f39964f69fe50d18a","cv-obb-events-v1","100","300","Tianjin/8_2_1/257|Tianjin/8_2_1/8@492100","Tianjin/8_2_1/257","Tianjin/8_2_1/8","492100","492700","492400","2.5276223301257077","7","cross|rear","pending",""
"7ce981d85b5399f93de7b88bab4c9baf2b25ca1717e96b3f39964f69fe50d18a","cv-obb-events-v1","100","300","Tianjin/8_2_1/249|Tianjin/8_2_1/257@494500","Tianjin/8_2_1/249","Tianjin/8_2_1/257","494500","494500","494500","2.9774229625023847","1","other","pending",""
"7ce981d85b5399f93de7b88bab4c9baf2b25ca1717e96b3f39964f69fe50d18a","cv-obb-events-v1","100","300","Tianjin/8_2_1/234|Tianjin/8_2_1/240@496200","Tianjin/8_2_1/234","Tianjin/8_2_1/240","496200","496900","496400","1.047236875416406","8","vulnerable","pending",""
"7ce981d85b5399f93de7b88bab4c9baf2b25ca1717e96b3f39964f69fe50d18a","cv-obb-events-v1","100","300","Tianjin/8_2_1/255|Tianjin/8_2_1/261@497500","Tianjin/8_2_1/255","Tianjin/8_2_1/261","497500","497800","497700","2.296519692155094","4","vulnerable","pending",""
"7ce981d85b5399f93de7b88bab4c9baf2b25ca1717e96b3f39964f69fe50d18a","cv-obb-events-v1","100","300","Tianjin/8_2_1/255|Tianjin/8_2_1/261@498500","Tianjin/8_2_1/255","Tianjin/8_2_1/261","498500","499200","499200","1.3831411239982445","8","vulnerable","pending",""
"7ce981d85b5399f93de7b88bab4c9baf2b25ca1717e96b3f39964f69fe50d18a","cv-obb-events-v1","100","300","Tianjin/8_2_1/259|Tianjin/8_2_1/P29@498800","Tianjin/8_2_1/259","Tianjin/8_2_1/P29","498800","499400","499400","2.3319850847831485","7","vulnerable","pending",""
"7ce981d85b5399f93de7b88bab4c9baf2b25ca1717e96b3f39964f69fe50d18a","cv-obb-events-v1","100","300","Tianjin/8_2_1/136|Tianjin/8_2_1/P30@499000","Tianjin/8_2_1/136","Tianjin/8_2_1/P30","499000","499500","499100","0.8367151023551471","6","vulnerable","pending",""
"7ce981d85b5399f93de7b88bab4c9baf2b25ca1717e96b3f39964f69fe50d18a","cv-obb-events-v1","100","300","Tianjin/8_2_1/241|Tianjin/8_2_1/250@500500","Tianjin/8_2_1/241","Tianjin/8_2_1/250","500500","502000","501400","2.3146730872919545","16","rear","pending",""
"7ce981d85b5399f93de7b88bab4c9baf2b25ca1717e96b3f39964f69fe50d18a","cv-obb-events-v1","100","300","Tianjin/8_2_1/255|Tianjin/8_2_1/8@502400","Tianjin/8_2_1/255","Tianjin/8_2_1/8","502400","503000","503000","2.425650664231011","7","vulnerable","pending",""
"7ce981d85b5399f93de7b88bab4c9baf2b25ca1717e96b3f39964f69fe50d18a","cv-obb-events-v1","100","300","Tianjin/8_2_1/240|Tianjin/8_2_1/243@502400","Tianjin/8_2_1/240","Tianjin/8_2_1/243","502400","502600","502600","2.6792202739777347","3","rear","pending",""
"7ce981d85b5399f93de7b88bab4c9baf2b25ca1717e96b3f39964f69fe50d18a","cv-obb-events-v1","100","300","Tianjin/8_2_1/240|Tianjin/8_2_1/243@504300","Tianjin/8_2_1/240","Tianjin/8_2_1/243","504300","504300","504300","2.8482079605228003","1","other","pending",""
"7ce981d85b5399f93de7b88bab4c9baf2b25ca1717e96b3f39964f69fe50d18a","cv-obb-events-v1","100","300","Tianjin/8_2_1/254|Tianjin/8_2_1/8@504300","Tianjin/8_2_1/254","Tianjin/8_2_1/8","504300","505200","505200","2.299134183365771","10","vulnerable","pending",""
"7ce981d85b5399f93de7b88bab4c9baf2b25ca1717e96b3f39964f69fe50d18a","cv-obb-events-v1","100","300","Tianjin/8_2_1/271|Tianjin/8_2_1/279@543600","Tianjin/8_2_1/271","Tianjin/8_2_1/279","543600","545700","545600","0.502519399701716","22","rear|other","pending",""
"7ce981d85b5399f93de7b88bab4c9baf2b25ca1717e96b3f39964f69fe50d18a","cv-obb-events-v1","100","300","Tianjin/8_2_1/240|Tianjin/8_2_1/274@545200","Tianjin/8_2_1/240","Tianjin/8_2_1/274","545200","546100","546100","1.9485524153194014","10","cross","pending",""
"7ce981d85b5399f93de7b88bab4c9baf2b25ca1717e96b3f39964f69fe50d18a","cv-obb-events-v1","100","300","Tianjin/8_2_1/276|Tianjin/8_2_1/278@546400","Tianjin/8_2_1/276","Tianjin/8_2_1/278","546400","546600","546600","2.768293753893113","3","vulnerable","pending",""
"7ce981d85b5399f93de7b88bab4c9baf2b25ca1717e96b3f39964f69fe50d18a","cv-obb-events-v1","100","300","Tianjin/8_2_1/274|Tianjin/8_2_1/8@546600","Tianjin/8_2_1/274","Tianjin/8_2_1/8","546600","547800","547500","1.8142938075001958","13","cross|rear","pending",""
"7ce981d85b5399f93de7b88bab4c9baf2b25ca1717e96b3f39964f69fe50d18a","cv-obb-events-v1","100","300","Tianjin/8_2_1/270|Tianjin/8_2_1/280@547800","Tianjin/8_2_1/270","Tianjin/8_2_1/280","547800","548300","548300","2.63823488451787","6","cross","pending",""
"7ce981d85b5399f93de7b88bab4c9baf2b25ca1717e96b3f39964f69fe50d18a","cv-obb-events-v1","100","300","Tianjin/8_2_1/272|Tianjin/8_2_1/280@549400","Tianjin/8_2_1/272","Tianjin/8_2_1/280","549400","550400","550300","2.0355448225006776","11","cross|other","pending",""
"7ce981d85b5399f93de7b88bab4c9baf2b25ca1717e96b3f39964f69fe50d18a","cv-obb-events-v1","100","300","Tianjin/8_2_1/278|Tianjin/8_2_1/8@549600","Tianjin/8_2_1/278","Tianjin/8_2_1/8","549600","550200","549800","2.722814590312196","7","rear","pending",""
"7ce981d85b5399f93de7b88bab4c9baf2b25ca1717e96b3f39964f69fe50d18a","cv-obb-events-v1","100","300","Tianjin/8_2_1/279|Tianjin/8_2_1/283@553800","Tianjin/8_2_1/279","Tianjin/8_2_1/283","553800","554500","554400","2.0677610122374865","8","other|cross","pending",""
"7ce981d85b5399f93de7b88bab4c9baf2b25ca1717e96b3f39964f69fe50d18a","cv-obb-events-v1","100","300","Tianjin/8_2_1/285|Tianjin/8_2_1/288@558600","Tianjin/8_2_1/285","Tianjin/8_2_1/288","558600","559100","559100","1.6251193197391778","6","other","pending",""
"7ce981d85b5399f93de7b88bab4c9baf2b25ca1717e96b3f39964f69fe50d18a","cv-obb-events-v1","100","300","Tianjin/8_2_1/240|Tianjin/8_2_1/275@558800","Tianjin/8_2_1/240","Tianjin/8_2_1/275","558800","560100","560000","1.3797836896043536","14","rear","pending",""
"7ce981d85b5399f93de7b88bab4c9baf2b25ca1717e96b3f39964f69fe50d18a","cv-obb-events-v1","100","300","Tianjin/8_2_1/272|Tianjin/8_2_1/285@561600","Tianjin/8_2_1/272","Tianjin/8_2_1/285","561600","563400","563200","1.3400769917899467","19","other","pending",""
"7ce981d85b5399f93de7b88bab4c9baf2b25ca1717e96b3f39964f69fe50d18a","cv-obb-events-v1","100","300","Tianjin/8_2_1/288|Tianjin/8_2_1/P2@561600","Tianjin/8_2_1/288","Tianjin/8_2_1/P2","561600","561800","561800","2.8480859092030375","3","vulnerable","pending",""
"7ce981d85b5399f93de7b88bab4c9baf2b25ca1717e96b3f39964f69fe50d18a","cv-obb-events-v1","100","300","Tianjin/8_2_1/275|Tianjin/8_2_1/8@568500","Tianjin/8_2_1/275","Tianjin/8_2_1/8","568500","568500","568500","0","1","overlap","pending",""
"7ce981d85b5399f93de7b88bab4c9baf2b25ca1717e96b3f39964f69fe50d18a","cv-obb-events-v1","100","300","Tianjin/8_2_1/275|Tianjin/8_2_1/287@570800","Tianjin/8_2_1/275","Tianjin/8_2_1/287","570800","572100","572100","1.4906645991148084","14","vulnerable","pending",""
"7ce981d85b5399f93de7b88bab4c9baf2b25ca1717e96b3f39964f69fe50d18a","cv-obb-events-v1","100","300","Tianjin/8_2_1/290|Tianjin/8_2_1/294@576400","Tianjin/8_2_1/290","Tianjin/8_2_1/294","576400","577000","576700","1.9119657229174258","7","cross","pending",""
"7ce981d85b5399f93de7b88bab4c9baf2b25ca1717e96b3f39964f69fe50d18a","cv-obb-events-v1","100","300","Tianjin/8_2_1/291|Tianjin/8_2_1/292@579500","Tianjin/8_2_1/291","Tianjin/8_2_1/292","579500","580300","579700","1.0978852143390188","9","cross","pending",""
"7ce981d85b5399f93de7b88bab4c9baf2b25ca1717e96b3f39964f69fe50d18a","cv-obb-events-v1","100","300","Tianjin/8_2_1/295|Tianjin/8_2_1/296@580400","Tianjin/8_2_1/295","Tianjin/8_2_1/296","580400","580700","580600","2.642044185309837","4","vulnerable","pending",""
"7ce981d85b5399f93de7b88bab4c9baf2b25ca1717e96b3f39964f69fe50d18a","cv-obb-events-v1","100","300","Tianjin/8_2_1/300|Tianjin/8_2_1/303@591100","Tianjin/8_2_1/300","Tianjin/8_2_1/303","591100","591900","591800","2.0558575171243474","9","other","pending",""
"7ce981d85b5399f93de7b88bab4c9baf2b25ca1717e96b3f39964f69fe50d18a","cv-obb-events-v1","100","300","Tianjin/8_2_1/297|Tianjin/8_2_1/302@591800","Tianjin/8_2_1/297","Tianjin/8_2_1/302","591800","593900","592300","2.3962254253759814","22","rear","pending",""
"7ce981d85b5399f93de7b88bab4c9baf2b25ca1717e96b3f39964f69fe50d18a","cv-obb-events-v1","100","300","Tianjin/8_2_1/298|Tianjin/8_2_1/299@593600","Tianjin/8_2_1/298","Tianjin/8_2_1/299","593600","594100","594000","2.654425157244044","6","vulnerable","pending",""
"7ce981d85b5399f93de7b88bab4c9baf2b25ca1717e96b3f39964f69fe50d18a","cv-obb-events-v1","100","300","Tianjin/8_2_1/306|Tianjin/8_2_1/P36@594200","Tianjin/8_2_1/306","Tianjin/8_2_1/P36","594200","594600","594600","2.1603846027490587","5","vulnerable","pending",""
"7ce981d85b5399f93de7b88bab4c9baf2b25ca1717e96b3f39964f69fe50d18a","cv-obb-events-v1","100","300","Tianjin/8_2_1/303|Tianjin/8_2_1/8@594200","Tianjin/8_2_1/303","Tianjin/8_2_1/8","594200","595400","595400","1.8959962966651516","13","cross|rear","pending",""
"7ce981d85b5399f93de7b88bab4c9baf2b25ca1717e96b3f39964f69fe50d18a","cv-obb-events-v1","100","300","Tianjin/8_2_1/297|Tianjin/8_2_1/306@595000","Tianjin/8_2_1/297","Tianjin/8_2_1/306","595000","596100","596100","1.8768392317065286","12","cross","pending",""
"7ce981d85b5399f93de7b88bab4c9baf2b25ca1717e96b3f39964f69fe50d18a","cv-obb-events-v1","100","300","Tianjin/8_2_1/302|Tianjin/8_2_1/306@595900","Tianjin/8_2_1/302","Tianjin/8_2_1/306","595900","596700","596500","1.904569682341051","9","cross|other","pending",""
"7ce981d85b5399f93de7b88bab4c9baf2b25ca1717e96b3f39964f69fe50d18a","cv-obb-events-v1","100","300","Tianjin/8_2_1/299|Tianjin/8_2_1/308@596200","Tianjin/8_2_1/299","Tianjin/8_2_1/308","596200","597600","597000","1.5256906664598893","15","vulnerable","pending",""
"7ce981d85b5399f93de7b88bab4c9baf2b25ca1717e96b3f39964f69fe50d18a","cv-obb-events-v1","100","300","Tianjin/8_2_1/298|Tianjin/8_2_1/312@600100","Tianjin/8_2_1/298","Tianjin/8_2_1/312","600100","600100","600100","2.957098048439999","1","cross","pending",""
"7ce981d85b5399f93de7b88bab4c9baf2b25ca1717e96b3f39964f69fe50d18a","cv-obb-events-v1","100","300","Tianjin/8_2_1/298|Tianjin/8_2_1/P39@601700","Tianjin/8_2_1/298","Tianjin/8_2_1/P39","601700","605900","605000","2.048483002312744","43","vulnerable","pending",""
"7ce981d85b5399f93de7b88bab4c9baf2b25ca1717e96b3f39964f69fe50d18a","cv-obb-events-v1","100","300","Tianjin/8_2_1/298|Tianjin/8_2_1/304@604900","Tianjin/8_2_1/298","Tianjin/8_2_1/304","604900","606500","606500","0.9999950020357219","17","vulnerable","pending",""
"7ce981d85b5399f93de7b88bab4c9baf2b25ca1717e96b3f39964f69fe50d18a","cv-obb-events-v1","100","300","Tianjin/8_2_1/313|Tianjin/8_2_1/314@608100","Tianjin/8_2_1/313","Tianjin/8_2_1/314","608100","608900","608900","1.3759673868714968","9","vulnerable","pending",""
"7ce981d85b5399f93de7b88bab4c9baf2b25ca1717e96b3f39964f69fe50d18a","cv-obb-events-v1","100","300","Tianjin/8_2_1/311|Tianjin/8_2_1/315@611500","Tianjin/8_2_1/311","Tianjin/8_2_1/315","611500","611800","611800","1.651936942693653","4","cross","pending",""
"7ce981d85b5399f93de7b88bab4c9baf2b25ca1717e96b3f39964f69fe50d18a","cv-obb-events-v1","100","300","Tianjin/8_2_1/317|Tianjin/8_2_1/P38@616900","Tianjin/8_2_1/317","Tianjin/8_2_1/P38","616900","617200","617200","1.8829742179428681","4","vulnerable","pending",""
"7ce981d85b5399f93de7b88bab4c9baf2b25ca1717e96b3f39964f69fe50d18a","cv-obb-events-v1","100","300","Tianjin/8_2_1/319|Tianjin/8_2_1/322@626800","Tianjin/8_2_1/319","Tianjin/8_2_1/322","626800","627800","627300","2.0789035698921676","11","cross|other","pending",""
"7ce981d85b5399f93de7b88bab4c9baf2b25ca1717e96b3f39964f69fe50d18a","cv-obb-events-v1","100","300","Tianjin/8_2_1/326|Tianjin/8_2_1/327@633300","Tianjin/8_2_1/326","Tianjin/8_2_1/327","633300","633600","633600","2.1368367032731435","4","cross","pending",""
"7ce981d85b5399f93de7b88bab4c9baf2b25ca1717e96b3f39964f69fe50d18a","cv-obb-events-v1","100","300","Tianjin/8_2_1/334|Tianjin/8_2_1/336@656300","Tianjin/8_2_1/334","Tianjin/8_2_1/336","656300","656800","656500","2.6124009401680075","6","cross","pending",""
"7ce981d85b5399f93de7b88bab4c9baf2b25ca1717e96b3f39964f69fe50d18a","cv-obb-events-v1","100","300","Tianjin/8_2_1/338|Tianjin/8_2_1/342@657000","Tianjin/8_2_1/338","Tianjin/8_2_1/342","657000","658500","658100","1.7095597683509671","16","other","pending",""
"7ce981d85b5399f93de7b88bab4c9baf2b25ca1717e96b3f39964f69fe50d18a","cv-obb-events-v1","100","300","Tianjin/8_2_1/337|Tianjin/8_2_1/338@658900","Tianjin/8_2_1/337","Tianjin/8_2_1/338","658900","659400","659400","2.591091339494241","6","vulnerable","pending",""
"7ce981d85b5399f93de7b88bab4c9baf2b25ca1717e96b3f39964f69fe50d18a","cv-obb-events-v1","100","300","Tianjin/8_2_1/339|Tianjin/8_2_1/345@665000","Tianjin/8_2_1/339","Tianjin/8_2_1/345","665000","667000","666600","1.0876014606077895","21","vulnerable","pending",""
"7ce981d85b5399f93de7b88bab4c9baf2b25ca1717e96b3f39964f69fe50d18a","cv-obb-events-v1","100","300","Tianjin/8_2_1/349|Tianjin/8_2_1/351@669400","Tianjin/8_2_1/349","Tianjin/8_2_1/351","669400","671500","670600","2.4216441812049783","22","rear","pending",""
"7ce981d85b5399f93de7b88bab4c9baf2b25ca1717e96b3f39964f69fe50d18a","cv-obb-events-v1","100","300","Tianjin/8_2_1/346|Tianjin/8_2_1/350@670800","Tianjin/8_2_1/346","Tianjin/8_2_1/350","670800","671600","671400","2.8298752613840925","9","vulnerable","pending",""
"7ce981d85b5399f93de7b88bab4c9baf2b25ca1717e96b3f39964f69fe50d18a","cv-obb-events-v1","100","300","Tianjin/8_2_1/351|Tianjin/8_2_1/353@673800","Tianjin/8_2_1/351","Tianjin/8_2_1/353","673800","674700","674300","2.7775646116274335","10","rear","pending",""
"7ce981d85b5399f93de7b88bab4c9baf2b25ca1717e96b3f39964f69fe50d18a","cv-obb-events-v1","100","300","Tianjin/8_2_1/351|Tianjin/8_2_1/355@683200","Tianjin/8_2_1/351","Tianjin/8_2_1/355","683200","683400","683300","2.9045988853673848","3","other","pending",""
"7ce981d85b5399f93de7b88bab4c9baf2b25ca1717e96b3f39964f69fe50d18a","cv-obb-events-v1","100","300","Tianjin/8_2_1/354|Tianjin/8_2_1/357@683700","Tianjin/8_2_1/354","Tianjin/8_2_1/357","683700","684200","684200","1.0869945657842193","6","vulnerable","pending",""
"7ce981d85b5399f93de7b88bab4c9baf2b25ca1717e96b3f39964f69fe50d18a","cv-obb-events-v1","100","300","Tianjin/8_2_1/354|Tianjin/8_2_1/355@686000","Tianjin/8_2_1/354","Tianjin/8_2_1/355","686000","686400","686400","2.785848245618305","5","vulnerable","pending",""
"7ce981d85b5399f93de7b88bab4c9baf2b25ca1717e96b3f39964f69fe50d18a","cv-obb-events-v1","100","300","Tianjin/8_2_1/353|Tianjin/8_2_1/358@686400","Tianjin/8_2_1/353","Tianjin/8_2_1/358","686400","689700","689100","1.2230812456787812","34","other|cross","pending",""
"7ce981d85b5399f93de7b88bab4c9baf2b25ca1717e96b3f39964f69fe50d18a","cv-obb-events-v1","100","300","Tianjin/8_2_1/136|Tianjin/8_2_1/355@687700","Tianjin/8_2_1/136","Tianjin/8_2_1/355","687700","687900","687700","2.9231339435191694","3","cross","pending",""
"7ce981d85b5399f93de7b88bab4c9baf2b25ca1717e96b3f39964f69fe50d18a","cv-obb-events-v1","100","300","Tianjin/8_2_1/354|Tianjin/8_2_1/358@687800","Tianjin/8_2_1/354","Tianjin/8_2_1/358","687800","688300","688300","2.4552182332736616","6","vulnerable","pending",""
"7ce981d85b5399f93de7b88bab4c9baf2b25ca1717e96b3f39964f69fe50d18a","cv-obb-events-v1","100","300","Tianjin/8_2_1/136|Tianjin/8_2_1/358@689400","Tianjin/8_2_1/136","Tianjin/8_2_1/358","689400","689800","689700","2.442843589335232","5","cross","pending",""
"7ce981d85b5399f93de7b88bab4c9baf2b25ca1717e96b3f39964f69fe50d18a","cv-obb-events-v1","100","300","Tianjin/8_2_1/361|Tianjin/8_2_1/365@694400","Tianjin/8_2_1/361","Tianjin/8_2_1/365","694400","696100","696100","1.7711685335301222","18","cross","pending",""
"7ce981d85b5399f93de7b88bab4c9baf2b25ca1717e96b3f39964f69fe50d18a","cv-obb-events-v1","100","300","Tianjin/8_2_1/362|Tianjin/8_2_1/363@697600","Tianjin/8_2_1/362","Tianjin/8_2_1/363","697600","697800","697800","2.582084279215126","3","other","pending",""
"7ce981d85b5399f93de7b88bab4c9baf2b25ca1717e96b3f39964f69fe50d18a","cv-obb-events-v1","100","300","Tianjin/8_2_1/364|Tianjin/8_2_1/365@699900","Tianjin/8_2_1/364","Tianjin/8_2_1/365","699900","701100","700700","1.6351039673306909","13","cross|other","pending",""
"7ce981d85b5399f93de7b88bab4c9baf2b25ca1717e96b3f39964f69fe50d18a","cv-obb-events-v1","100","300","Tianjin/8_2_1/364|Tianjin/8_2_1/372@706800","Tianjin/8_2_1/364","Tianjin/8_2_1/372","706800","707100","707100","2.5885588704008238","4","other","pending",""
"7ce981d85b5399f93de7b88bab4c9baf2b25ca1717e96b3f39964f69fe50d18a","cv-obb-events-v1","100","300","Tianjin/8_2_1/370|Tianjin/8_2_1/374@709000","Tianjin/8_2_1/370","Tianjin/8_2_1/374","709000","709900","709600","2.7257968196692595","10","vulnerable","pending",""
"7ce981d85b5399f93de7b88bab4c9baf2b25ca1717e96b3f39964f69fe50d18a","cv-obb-events-v1","100","300","Tianjin/8_2_1/371|Tianjin/8_2_1/376@709500","Tianjin/8_2_1/371","Tianjin/8_2_1/376","709500","709500","709500","2.0482983294966077","1","cross","pending",""
"7ce981d85b5399f93de7b88bab4c9baf2b25ca1717e96b3f39964f69fe50d18a","cv-obb-events-v1","100","300","Tianjin/8_2_1/372|Tianjin/8_2_1/P42@711200","Tianjin/8_2_1/372","Tianjin/8_2_1/P42","711200","711600","711600","2.5404897366877264","5","vulnerable","pending",""
"7ce981d85b5399f93de7b88bab4c9baf2b25ca1717e96b3f39964f69fe50d18a","cv-obb-events-v1","100","300","Tianjin/8_2_1/374|Tianjin/8_2_1/376@713300","Tianjin/8_2_1/374","Tianjin/8_2_1/376","713300","714600","714000","2.1513336562313756","14","cross|other","pending",""
"7ce981d85b5399f93de7b88bab4c9baf2b25ca1717e96b3f39964f69fe50d18a","cv-obb-events-v1","100","300","Tianjin/8_2_1/375|Tianjin/8_2_1/378@713400","Tianjin/8_2_1/375","Tianjin/8_2_1/378","713400","713500","713500","2.793212625630007","2","other","pending",""
"7ce981d85b5399f93de7b88bab4c9baf2b25ca1717e96b3f39964f69fe50d18a","cv-obb-events-v1","100","300","Tianjin/8_2_1/377|Tianjin/8_2_1/378@713700","Tianjin/8_2_1/377","Tianjin/8_2_1/378","713700","715700","715400","1.3343464280854276","21","other","pending",""
"7ce981d85b5399f93de7b88bab4c9baf2b25ca1717e96b3f39964f69fe50d18a","cv-obb-events-v1","100","300","Tianjin/8_2_1/375|Tianjin/8_2_1/377@720300","Tianjin/8_2_1/375","Tianjin/8_2_1/377","720300","720500","720500","2.2622867476218222","3","rear","pending",""
"7ce981d85b5399f93de7b88bab4c9baf2b25ca1717e96b3f39964f69fe50d18a","cv-obb-events-v1","100","300","Tianjin/8_2_1/136|Tianjin/8_2_1/381@730200","Tianjin/8_2_1/136","Tianjin/8_2_1/381","730200","730500","730300","2.919762211117691","4","cross","pending",""
"7ce981d85b5399f93de7b88bab4c9baf2b25ca1717e96b3f39964f69fe50d18a","cv-obb-events-v1","100","300","Tianjin/8_2_1/374|Tianjin/8_2_1/382@732300","Tianjin/8_2_1/374","Tianjin/8_2_1/382","732300","733300","732900","1.6421975099568333","11","cross|other","pending",""
"7ce981d85b5399f93de7b88bab4c9baf2b25ca1717e96b3f39964f69fe50d18a","cv-obb-events-v1","100","300","Tianjin/8_2_1/385|Tianjin/8_2_1/8@735400","Tianjin/8_2_1/385","Tianjin/8_2_1/8","735400","736200","736000","1.5690436936647731","9","cross|other|rear","pending",""
"7ce981d85b5399f93de7b88bab4c9baf2b25ca1717e96b3f39964f69fe50d18a","cv-obb-events-v1","100","300","Tianjin/8_2_1/369|Tianjin/8_2_1/374@737900","Tianjin/8_2_1/369","Tianjin/8_2_1/374","737900","738000","738000","2.795286252820429","2","other","pending",""
"7ce981d85b5399f93de7b88bab4c9baf2b25ca1717e96b3f39964f69fe50d18a","cv-obb-events-v1","100","300","Tianjin/8_2_1/392|Tianjin/8_2_1/P2@754100","Tianjin/8_2_1/392","Tianjin/8_2_1/P2","754100","754100","754100","2.965179119750039","1","vulnerable","pending",""
"7ce981d85b5399f93de7b88bab4c9baf2b25ca1717e96b3f39964f69fe50d18a","cv-obb-events-v1","100","300","Tianjin/8_2_1/398|Tianjin/8_2_1/399@766800","Tianjin/8_2_1/398","Tianjin/8_2_1/399","766800","767900","767500","2.4825693517365335","12","cross|other","pending",""
"7ce981d85b5399f93de7b88bab4c9baf2b25ca1717e96b3f39964f69fe50d18a","cv-obb-events-v1","100","300","Tianjin/8_2_1/401|Tianjin/8_2_1/406@780300","Tianjin/8_2_1/401","Tianjin/8_2_1/406","780300","780900","780800","2.1874111358420225","7","vulnerable","pending",""
"7ce981d85b5399f93de7b88bab4c9baf2b25ca1717e96b3f39964f69fe50d18a","cv-obb-events-v1","100","300","Tianjin/8_2_1/408|Tianjin/8_2_1/409@781800","Tianjin/8_2_1/408","Tianjin/8_2_1/409","781800","781900","781900","2.66368684105963","2","cross","pending",""
"7ce981d85b5399f93de7b88bab4c9baf2b25ca1717e96b3f39964f69fe50d18a","cv-obb-events-v1","100","300","Tianjin/8_2_1/401|Tianjin/8_2_1/405@781800","Tianjin/8_2_1/401","Tianjin/8_2_1/405","781800","783400","783300","1.3251638826482426","17","vulnerable","pending",""
"7ce981d85b5399f93de7b88bab4c9baf2b25ca1717e96b3f39964f69fe50d18a","cv-obb-events-v1","100","300","Tianjin/8_2_1/404|Tianjin/8_2_1/407@788100","Tianjin/8_2_1/404","Tianjin/8_2_1/407","788100","788500","788400","2.353190893008847","5","vulnerable","pending",""
"7ce981d85b5399f93de7b88bab4c9baf2b25ca1717e96b3f39964f69fe50d18a","cv-obb-events-v1","100","300","Tianjin/8_2_1/411|Tianjin/8_2_1/413@796100","Tianjin/8_2_1/411","Tianjin/8_2_1/413","796100","796100","796100","2.9479676570949915","1","cross","pending",""
"7ce981d85b5399f93de7b88bab4c9baf2b25ca1717e96b3f39964f69fe50d18a","cv-obb-events-v1","100","300","Tianjin/8_2_1/402|Tianjin/8_2_1/417@805700","Tianjin/8_2_1/402","Tianjin/8_2_1/417","805700","806300","806300","1.8849422372311118","7","vulnerable","pending",""
"7ce981d85b5399f93de7b88bab4c9baf2b25ca1717e96b3f39964f69fe50d18a","cv-obb-events-v1","100","300","Tianjin/8_2_1/402|Tianjin/8_2_1/410@805900","Tianjin/8_2_1/402","Tianjin/8_2_1/410","805900","806300","806300","2.2690579252515692","5","cross","pending",""
"7ce981d85b5399f93de7b88bab4c9baf2b25ca1717e96b3f39964f69fe50d18a","cv-obb-events-v1","100","300","Tianjin/8_2_1/136|Tianjin/8_2_1/402@806100","Tianjin/8_2_1/136","Tianjin/8_2_1/402","806100","806500","806400","2.5200963818120488","5","cross","pending",""
"7ce981d85b5399f93de7b88bab4c9baf2b25ca1717e96b3f39964f69fe50d18a","cv-obb-events-v1","100","300","Tianjin/8_2_1/410|Tianjin/8_2_1/412@811400","Tianjin/8_2_1/410","Tianjin/8_2_1/412","811400","812000","812000","2.223607433371241","7","cross","pending",""
"7ce981d85b5399f93de7b88bab4c9baf2b25ca1717e96b3f39964f69fe50d18a","cv-obb-events-v1","100","300","Tianjin/8_2_1/136|Tianjin/8_2_1/412@811700","Tianjin/8_2_1/136","Tianjin/8_2_1/412","811700","812200","812000","2.5075141051698893","6","cross","pending",""
"7ce981d85b5399f93de7b88bab4c9baf2b25ca1717e96b3f39964f69fe50d18a","cv-obb-events-v1","100","300","Tianjin/8_2_1/410|Tianjin/8_2_1/418@814700","Tianjin/8_2_1/410","Tianjin/8_2_1/418","814700","814800","814800","2.8576165608717674","2","cross","pending",""
"7ce981d85b5399f93de7b88bab4c9baf2b25ca1717e96b3f39964f69fe50d18a","cv-obb-events-v1","100","300","Tianjin/8_2_1/423|Tianjin/8_2_1/8@815100","Tianjin/8_2_1/423","Tianjin/8_2_1/8","815100","817700","817700","0.31896484229326433","27","vulnerable","pending",""
"7ce981d85b5399f93de7b88bab4c9baf2b25ca1717e96b3f39964f69fe50d18a","cv-obb-events-v1","100","300","Tianjin/8_2_1/136|Tianjin/8_2_1/418@815100","Tianjin/8_2_1/136","Tianjin/8_2_1/418","815100","815100","815100","2.95500393202222","1","cross","pending",""
"7ce981d85b5399f93de7b88bab4c9baf2b25ca1717e96b3f39964f69fe50d18a","cv-obb-events-v1","100","300","Tianjin/8_2_1/421|Tianjin/8_2_1/427@828500","Tianjin/8_2_1/421","Tianjin/8_2_1/427","828500","829600","829600","1.423260526472912","12","vulnerable","pending",""
"7ce981d85b5399f93de7b88bab4c9baf2b25ca1717e96b3f39964f69fe50d18a","cv-obb-events-v1","100","300","Tianjin/8_2_1/420|Tianjin/8_2_1/427@828800","Tianjin/8_2_1/420","Tianjin/8_2_1/427","828800","830000","830000","1.2785421863340312","13","vulnerable","pending",""
"7ce981d85b5399f93de7b88bab4c9baf2b25ca1717e96b3f39964f69fe50d18a","cv-obb-events-v1","100","300","Tianjin/8_2_1/410|Tianjin/8_2_1/426@832200","Tianjin/8_2_1/410","Tianjin/8_2_1/426","832200","832700","832700","2.469912322216653","6","vulnerable","pending",""
"7ce981d85b5399f93de7b88bab4c9baf2b25ca1717e96b3f39964f69fe50d18a","cv-obb-events-v1","100","300","Tianjin/8_2_1/425|Tianjin/8_2_1/430@835200","Tianjin/8_2_1/425","Tianjin/8_2_1/430","835200","837200","837200","1.2296134305655158","21","vulnerable","pending",""
"7ce981d85b5399f93de7b88bab4c9baf2b25ca1717e96b3f39964f69fe50d18a","cv-obb-events-v1","100","300","Tianjin/8_2_1/430|Tianjin/8_2_1/431@845400","Tianjin/8_2_1/430","Tianjin/8_2_1/431","845400","846300","846200","1.2871515215261105","10","vulnerable","pending",""
"7ce981d85b5399f93de7b88bab4c9baf2b25ca1717e96b3f39964f69fe50d18a","cv-obb-events-v1","100","300","Tianjin/8_2_1/437|Tianjin/8_2_1/442@858500","Tianjin/8_2_1/437","Tianjin/8_2_1/442","858500","859400","859400","1.8479293066252924","10","vulnerable","pending",""
"7ce981d85b5399f93de7b88bab4c9baf2b25ca1717e96b3f39964f69fe50d18a","cv-obb-events-v1","100","300","Tianjin/8_2_1/443|Tianjin/8_2_1/P52@860000","Tianjin/8_2_1/443","Tianjin/8_2_1/P52","860000","860000","860000","2.441412584469252","1","vulnerable","pending",""
"7ce981d85b5399f93de7b88bab4c9baf2b25ca1717e96b3f39964f69fe50d18a","cv-obb-events-v1","100","300","Tianjin/8_2_1/443|Tianjin/8_2_1/P52@860800","Tianjin/8_2_1/443","Tianjin/8_2_1/P52","860800","861100","861100","1.5571130540817744","4","vulnerable","pending",""
"7ce981d85b5399f93de7b88bab4c9baf2b25ca1717e96b3f39964f69fe50d18a","cv-obb-events-v1","100","300","Tianjin/8_2_1/443|Tianjin/8_2_1/P50@861100","Tianjin/8_2_1/443","Tianjin/8_2_1/P50","861100","861400","861400","1.7223898526682253","4","vulnerable","pending",""
"7ce981d85b5399f93de7b88bab4c9baf2b25ca1717e96b3f39964f69fe50d18a","cv-obb-events-v1","100","300","Tianjin/8_2_1/441|Tianjin/8_2_1/444@861500","Tianjin/8_2_1/441","Tianjin/8_2_1/444","861500","862400","862400","1.9795391823577349","10","rear","pending",""
"7ce981d85b5399f93de7b88bab4c9baf2b25ca1717e96b3f39964f69fe50d18a","cv-obb-events-v1","100","300","Tianjin/8_2_1/445|Tianjin/8_2_1/446@865700","Tianjin/8_2_1/445","Tianjin/8_2_1/446","865700","866400","866400","2.6084838822611096","8","other","pending",""
"7ce981d85b5399f93de7b88bab4c9baf2b25ca1717e96b3f39964f69fe50d18a","cv-obb-events-v1","100","300","Tianjin/8_2_1/447|Tianjin/8_2_1/P52@868100","Tianjin/8_2_1/447","Tianjin/8_2_1/P52","868100","868900","868900","2.3119341640776496","9","vulnerable","pending",""
"7ce981d85b5399f93de7b88bab4c9baf2b25ca1717e96b3f39964f69fe50d18a","cv-obb-events-v1","100","300","Tianjin/8_2_1/447|Tianjin/8_2_1/P51@869400","Tianjin/8_2_1/447","Tianjin/8_2_1/P51","869400","869900","869900","2.3346242791473113","6","vulnerable","pending",""
"7ce981d85b5399f93de7b88bab4c9baf2b25ca1717e96b3f39964f69fe50d18a","cv-obb-events-v1","100","300","Tianjin/8_2_1/441|Tianjin/8_2_1/444@871300","Tianjin/8_2_1/441","Tianjin/8_2_1/444","871300","872200","871900","1.383143483085999","10","other","pending",""
"7ce981d85b5399f93de7b88bab4c9baf2b25ca1717e96b3f39964f69fe50d18a","cv-obb-events-v1","100","300","Tianjin/8_2_1/450|Tianjin/8_2_1/451@878700","Tianjin/8_2_1/450","Tianjin/8_2_1/451","878700","879600","879100","1.8272982944606389","10","cross","pending",""
"7ce981d85b5399f93de7b88bab4c9baf2b25ca1717e96b3f39964f69fe50d18a","cv-obb-events-v1","100","300","Tianjin/8_2_1/454|Tianjin/8_2_1/P53@887100","Tianjin/8_2_1/454","Tianjin/8_2_1/P53","887100","887700","887700","2.4844578013729692","7","vulnerable","pending",""
"7ce981d85b5399f93de7b88bab4c9baf2b25ca1717e96b3f39964f69fe50d18a","cv-obb-events-v1","100","300","Tianjin/8_2_1/450|Tianjin/8_2_1/455@888100","Tianjin/8_2_1/450","Tianjin/8_2_1/455","888100","889000","888900","2.1277520465192","10","other","pending",""
"7ce981d85b5399f93de7b88bab4c9baf2b25ca1717e96b3f39964f69fe50d18a","cv-obb-events-v1","100","300","Tianjin/8_2_1/439|Tianjin/8_2_1/453@889300","Tianjin/8_2_1/439","Tianjin/8_2_1/453","889300","889600","889600","2.216243989097247","4","vulnerable","pending",""
"7ce981d85b5399f93de7b88bab4c9baf2b25ca1717e96b3f39964f69fe50d18a","cv-obb-events-v1","100","300","Tianjin/8_2_1/457|Tianjin/8_2_1/459@898300","Tianjin/8_2_1/457","Tianjin/8_2_1/459","898300","899500","899500","1.6274004414715941","13","other","pending",""
"7ce981d85b5399f93de7b88bab4c9baf2b25ca1717e96b3f39964f69fe50d18a","cv-obb-events-v1","100","300","Tianjin/8_2_1/454|Tianjin/8_2_1/457@899200","Tianjin/8_2_1/454","Tianjin/8_2_1/457","899200","900500","900100","0.5715657729624039","14","other|cross","pending",""
"7ce981d85b5399f93de7b88bab4c9baf2b25ca1717e96b3f39964f69fe50d18a","cv-obb-events-v1","100","300","Tianjin/8_2_1/459|Tianjin/8_2_1/466@910000","Tianjin/8_2_1/459","Tianjin/8_2_1/466","910000","910000","910000","1.7541411297442324","1","cross","pending",""
"7ce981d85b5399f93de7b88bab4c9baf2b25ca1717e96b3f39964f69fe50d18a","cv-obb-events-v1","100","300","Tianjin/8_2_1/465|Tianjin/8_2_1/467@913100","Tianjin/8_2_1/465","Tianjin/8_2_1/467","913100","914400","914400","1.068746379629311","14","other|rear","pending",""
"7ce981d85b5399f93de7b88bab4c9baf2b25ca1717e96b3f39964f69fe50d18a","cv-obb-events-v1","100","300","Tianjin/8_2_1/469|Tianjin/8_2_1/P54@915800","Tianjin/8_2_1/469","Tianjin/8_2_1/P54","915800","917300","916800","0","16","vulnerable|overlap","pending",""
"7ce981d85b5399f93de7b88bab4c9baf2b25ca1717e96b3f39964f69fe50d18a","cv-obb-events-v1","100","300","Tianjin/8_2_1/460|Tianjin/8_2_1/P54@921200","Tianjin/8_2_1/460","Tianjin/8_2_1/P54","921200","921500","921500","2.6802235458606813","4","vulnerable","pending",""
"7ce981d85b5399f93de7b88bab4c9baf2b25ca1717e96b3f39964f69fe50d18a","cv-obb-events-v1","100","300","Tianjin/8_2_1/410|Tianjin/8_2_1/471@923500","Tianjin/8_2_1/410","Tianjin/8_2_1/471","923500","924000","923900","1.2083769074956632","6","vulnerable","pending",""
"7ce981d85b5399f93de7b88bab4c9baf2b25ca1717e96b3f39964f69fe50d18a","cv-obb-events-v1","100","300","Tianjin/8_2_1/478|Tianjin/8_2_1/479@937000","Tianjin/8_2_1/478","Tianjin/8_2_1/479","937000","937600","937600","2.333948156800283","7","other","pending",""
"7ce981d85b5399f93de7b88bab4c9baf2b25ca1717e96b3f39964f69fe50d18a","cv-obb-events-v1","100","300","Tianjin/8_2_1/477|Tianjin/8_2_1/478@937500","Tianjin/8_2_1/477","Tianjin/8_2_1/478","937500","938800","938800","1.9649519015874954","14","vulnerable","pending",""
"7ce981d85b5399f93de7b88bab4c9baf2b25ca1717e96b3f39964f69fe50d18a","cv-obb-events-v1","100","300","Tianjin/8_2_1/471|Tianjin/8_2_1/8@942100","Tianjin/8_2_1/471","Tianjin/8_2_1/8","942100","942200","942100","0","2","overlap","pending",""
"7ce981d85b5399f93de7b88bab4c9baf2b25ca1717e96b3f39964f69fe50d18a","cv-obb-events-v1","100","300","Tianjin/8_2_1/477|Tianjin/8_2_1/8@942500","Tianjin/8_2_1/477","Tianjin/8_2_1/8","942500","944200","944200","1.3411638206200514","18","vulnerable","pending",""
"7ce981d85b5399f93de7b88bab4c9baf2b25ca1717e96b3f39964f69fe50d18a","cv-obb-events-v1","100","300","Tianjin/8_2_1/469|Tianjin/8_2_1/486@949500","Tianjin/8_2_1/469","Tianjin/8_2_1/486","949500","950200","950100","1.5530818168246747","8","vulnerable","pending",""
"7ce981d85b5399f93de7b88bab4c9baf2b25ca1717e96b3f39964f69fe50d18a","cv-obb-events-v1","100","300","Tianjin/8_2_1/481|Tianjin/8_2_1/482@951200","Tianjin/8_2_1/481","Tianjin/8_2_1/482","951200","952900","952900","1.3822940779786448","18","cross|other","pending",""
"7ce981d85b5399f93de7b88bab4c9baf2b25ca1717e96b3f39964f69fe50d18a","cv-obb-events-v1","100","300","Tianjin/8_2_1/480|Tianjin/8_2_1/482@951900","Tianjin/8_2_1/480","Tianjin/8_2_1/482","951900","952500","952100","2.574262285626674","7","cross|other","pending",""
"7ce981d85b5399f93de7b88bab4c9baf2b25ca1717e96b3f39964f69fe50d18a","cv-obb-events-v1","100","300","Tianjin/8_2_1/483|Tianjin/8_2_1/487@953700","Tianjin/8_2_1/483","Tianjin/8_2_1/487","953700","954100","953900","2.9529759798306405","5","rear","pending",""
"7ce981d85b5399f93de7b88bab4c9baf2b25ca1717e96b3f39964f69fe50d18a","cv-obb-events-v1","100","300","Tianjin/8_2_1/468|Tianjin/8_2_1/8@954900","Tianjin/8_2_1/468","Tianjin/8_2_1/8","954900","955500","955200","2.5221584278259974","7","rear","pending",""
"7ce981d85b5399f93de7b88bab4c9baf2b25ca1717e96b3f39964f69fe50d18a","cv-obb-events-v1","100","300","Tianjin/8_2_1/481|Tianjin/8_2_1/489@956100","Tianjin/8_2_1/481","Tianjin/8_2_1/489","956100","958500","957600","2.2481381152829574","25","rear","pending",""
"7ce981d85b5399f93de7b88bab4c9baf2b25ca1717e96b3f39964f69fe50d18a","cv-obb-events-v1","100","300","Tianjin/8_2_1/410|Tianjin/8_2_1/492@958700","Tianjin/8_2_1/410","Tianjin/8_2_1/492","958700","959400","959400","0.316779813608481","8","vulnerable","pending",""
"7ce981d85b5399f93de7b88bab4c9baf2b25ca1717e96b3f39964f69fe50d18a","cv-obb-events-v1","100","300","Tianjin/8_2_1/481|Tianjin/8_2_1/490@959000","Tianjin/8_2_1/481","Tianjin/8_2_1/490","959000","960100","960100","1.6216657823439016","12","cross","pending",""
"7ce981d85b5399f93de7b88bab4c9baf2b25ca1717e96b3f39964f69fe50d18a","cv-obb-events-v1","100","300","Tianjin/8_2_1/480|Tianjin/8_2_1/490@959400","Tianjin/8_2_1/480","Tianjin/8_2_1/490","959400","960000","959800","2.4669797072913617","7","cross","pending",""
"7ce981d85b5399f93de7b88bab4c9baf2b25ca1717e96b3f39964f69fe50d18a","cv-obb-events-v1","100","300","Tianjin/8_2_1/489|Tianjin/8_2_1/490@960000","Tianjin/8_2_1/489","Tianjin/8_2_1/490","960000","961000","960600","1.6895582610791053","11","cross|other","pending",""
"7ce981d85b5399f93de7b88bab4c9baf2b25ca1717e96b3f39964f69fe50d18a","cv-obb-events-v1","100","300","Tianjin/8_2_1/489|Tianjin/8_2_1/495@962000","Tianjin/8_2_1/489","Tianjin/8_2_1/495","962000","963400","963400","0.3040382082679506","15","rear","pending",""
"7ce981d85b5399f93de7b88bab4c9baf2b25ca1717e96b3f39964f69fe50d18a","cv-obb-events-v1","100","300","Tianjin/8_2_1/481|Tianjin/8_2_1/495@962900","Tianjin/8_2_1/481","Tianjin/8_2_1/495","962900","963300","963300","2.5452536360920774","5","rear","pending",""
"7ce981d85b5399f93de7b88bab4c9baf2b25ca1717e96b3f39964f69fe50d18a","cv-obb-events-v1","100","300","Tianjin/8_2_1/484|Tianjin/8_2_1/494@963900","Tianjin/8_2_1/484","Tianjin/8_2_1/494","963900","964700","964100","2.4340954584700354","9","rear","pending",""
"7ce981d85b5399f93de7b88bab4c9baf2b25ca1717e96b3f39964f69fe50d18a","cv-obb-events-v1","100","300","Tianjin/8_2_1/480|Tianjin/8_2_1/500@976800","Tianjin/8_2_1/480","Tianjin/8_2_1/500","976800","977400","977100","2.3804830795193","7","cross","pending",""
"7ce981d85b5399f93de7b88bab4c9baf2b25ca1717e96b3f39964f69fe50d18a","cv-obb-events-v1","100","300","Tianjin/8_2_1/480|Tianjin/8_2_1/484@978600","Tianjin/8_2_1/480","Tianjin/8_2_1/484","978600","979000","978900","2.7414930850568537","5","other","pending",""
"7ce981d85b5399f93de7b88bab4c9baf2b25ca1717e96b3f39964f69fe50d18a","cv-obb-events-v1","100","300","Tianjin/8_2_1/481|Tianjin/8_2_1/494@980100","Tianjin/8_2_1/481","Tianjin/8_2_1/494","980100","981100","981000","2.3255272213398195","11","other","pending",""
"7ce981d85b5399f93de7b88bab4c9baf2b25ca1717e96b3f39964f69fe50d18a","cv-obb-events-v1","100","300","Tianjin/8_2_1/484|Tianjin/8_2_1/503@980600","Tianjin/8_2_1/484","Tianjin/8_2_1/503","980600","980600","980600","2.7299571049118545","1","cross","pending",""
"7ce981d85b5399f93de7b88bab4c9baf2b25ca1717e96b3f39964f69fe50d18a","cv-obb-events-v1","100","300","Tianjin/8_2_1/480|Tianjin/8_2_1/494@980800","Tianjin/8_2_1/480","Tianjin/8_2_1/494","980800","982000","981800","2.2423135152619427","13","other","pending",""
"7ce981d85b5399f93de7b88bab4c9baf2b25ca1717e96b3f39964f69fe50d18a","cv-obb-events-v1","100","300","Tianjin/8_2_1/484|Tianjin/8_2_1/493@980900","Tianjin/8_2_1/484","Tianjin/8_2_1/493","980900","982400","982300","1.8357742746497085","14","vulnerable","pending",""
"7ce981d85b5399f93de7b88bab4c9baf2b25ca1717e96b3f39964f69fe50d18a","cv-obb-events-v1","100","300","Tianjin/8_2_1/410|Tianjin/8_2_1/499@982100","Tianjin/8_2_1/410","Tianjin/8_2_1/499","982100","982400","982300","2.8196482719759928","4","cross","pending",""
"7ce981d85b5399f93de7b88bab4c9baf2b25ca1717e96b3f39964f69fe50d18a","cv-obb-events-v1","100","300","Tianjin/8_2_1/499|Tianjin/8_2_1/501@982400","Tianjin/8_2_1/499","Tianjin/8_2_1/501","982400","983400","983100","1.6207436447901569","11","cross","pending",""
"7ce981d85b5399f93de7b88bab4c9baf2b25ca1717e96b3f39964f69fe50d18a","cv-obb-events-v1","100","300","Tianjin/8_2_1/506|Tianjin/8_2_1/507@988500","Tianjin/8_2_1/506","Tianjin/8_2_1/507","988500","989700","989400","1.9460639080531688","13","other","pending",""
"7ce981d85b5399f93de7b88bab4c9baf2b25ca1717e96b3f39964f69fe50d18a","cv-obb-events-v1","100","300","Tianjin/8_2_1/503|Tianjin/8_2_1/509@989100","Tianjin/8_2_1/503","Tianjin/8_2_1/509","989100","989300","989300","2.7545048365439633","3","cross","pending",""
"7ce981d85b5399f93de7b88bab4c9baf2b25ca1717e96b3f39964f69fe50d18a","cv-obb-events-v1","100","300","Tianjin/8_2_1/509|Tianjin/8_2_1/510@990300","Tianjin/8_2_1/509","Tianjin/8_2_1/510","990300","990500","990500","2.8298630982582167","3","other","pending",""
"7ce981d85b5399f93de7b88bab4c9baf2b25ca1717e96b3f39964f69fe50d18a","cv-obb-events-v1","100","300","Tianjin/8_2_1/507|Tianjin/8_2_1/510@990900","Tianjin/8_2_1/507","Tianjin/8_2_1/510","990900","991000","990900","2.985478378439205","2","rear","pending",""
"7ce981d85b5399f93de7b88bab4c9baf2b25ca1717e96b3f39964f69fe50d18a","cv-obb-events-v1","100","300","Tianjin/8_2_1/506|Tianjin/8_2_1/513@993400","Tianjin/8_2_1/506","Tianjin/8_2_1/513","993400","993500","993500","1.2818221236960359","2","cross","pending",""
"7ce981d85b5399f93de7b88bab4c9baf2b25ca1717e96b3f39964f69fe50d18a","cv-obb-events-v1","100","300","Tianjin/8_2_1/3|Tianjin/8_2_1/514@1001900","Tianjin/8_2_1/3","Tianjin/8_2_1/514","1001900","1003300","1003300","1.9499336338993138","15","other","pending",""
"7ce981d85b5399f93de7b88bab4c9baf2b25ca1717e96b3f39964f69fe50d18a","cv-obb-events-v1","100","300","Tianjin/8_2_1/410|Tianjin/8_2_1/515@1004800","Tianjin/8_2_1/410","Tianjin/8_2_1/515","1004800","1005200","1005100","2.7053479107723946","5","cross","pending",""
"7ce981d85b5399f93de7b88bab4c9baf2b25ca1717e96b3f39964f69fe50d18a","cv-obb-events-v1","100","300","Tianjin/8_2_1/501|Tianjin/8_2_1/515@1005100","Tianjin/8_2_1/501","Tianjin/8_2_1/515","1005100","1005900","1005600","1.5934763820842905","9","cross","pending",""
"7ce981d85b5399f93de7b88bab4c9baf2b25ca1717e96b3f39964f69fe50d18a","cv-obb-events-v1","100","300","Tianjin/8_2_1/504|Tianjin/8_2_1/515@1005500","Tianjin/8_2_1/504","Tianjin/8_2_1/515","1005500","1005600","1005600","2.8338447537763223","2","vulnerable","pending",""
"7ce981d85b5399f93de7b88bab4c9baf2b25ca1717e96b3f39964f69fe50d18a","cv-obb-events-v1","100","300","Tianjin/8_2_1/511|Tianjin/8_2_1/516@1007900","Tianjin/8_2_1/511","Tianjin/8_2_1/516","1007900","1008300","1008200","1.7180251922986294","5","vulnerable","pending",""
"7ce981d85b5399f93de7b88bab4c9baf2b25ca1717e96b3f39964f69fe50d18a","cv-obb-events-v1","100","300","Tianjin/8_2_1/516|Tianjin/8_2_1/8@1007900","Tianjin/8_2_1/516","Tianjin/8_2_1/8","1007900","1008400","1008300","2.2458254052937723","6","cross|rear","pending",""
"7ce981d85b5399f93de7b88bab4c9baf2b25ca1717e96b3f39964f69fe50d18a","cv-obb-events-v1","100","300","Tianjin/8_2_1/511|Tianjin/8_2_1/8@1008200","Tianjin/8_2_1/511","Tianjin/8_2_1/8","1008200","1008400","1008300","2.9396698632278615","3","vulnerable","pending",""
"7ce981d85b5399f93de7b88bab4c9baf2b25ca1717e96b3f39964f69fe50d18a","cv-obb-events-v1","100","300","Tianjin/8_2_1/513|Tianjin/8_2_1/516@1008600","Tianjin/8_2_1/513","Tianjin/8_2_1/516","1008600","1009000","1009000","1.8030159129743006","5","other|rear","pending",""
"7ce981d85b5399f93de7b88bab4c9baf2b25ca1717e96b3f39964f69fe50d18a","cv-obb-events-v1","100","300","Tianjin/8_2_1/501|Tianjin/8_2_1/505@1013600","Tianjin/8_2_1/501","Tianjin/8_2_1/505","1013600","1014200","1014100","1.6171329227778934","7","vulnerable","pending",""
"7ce981d85b5399f93de7b88bab4c9baf2b25ca1717e96b3f39964f69fe50d18a","cv-obb-events-v1","100","300","Tianjin/8_2_1/519|Tianjin/8_2_1/521@1014100","Tianjin/8_2_1/519","Tianjin/8_2_1/521","1014100","1015100","1014900","1.5581212905391568","11","cross|other","pending",""
"7ce981d85b5399f93de7b88bab4c9baf2b25ca1717e96b3f39964f69fe50d18a","cv-obb-events-v1","100","300","Tianjin/8_2_1/504|Tianjin/8_2_1/520@1017900","Tianjin/8_2_1/504","Tianjin/8_2_1/520","1017900","1019000","1018600","1.765002783634572","12","vulnerable","pending",""
"7ce981d85b5399f93de7b88bab4c9baf2b25ca1717e96b3f39964f69fe50d18a","cv-obb-events-v1","100","300","Tianjin/8_2_1/527|Tianjin/8_2_1/P56@1028300","Tianjin/8_2_1/527","Tianjin/8_2_1/P56","1028300","1028700","1028600","2.522765207854506","5","vulnerable","pending",""
"7ce981d85b5399f93de7b88bab4c9baf2b25ca1717e96b3f39964f69fe50d18a","cv-obb-events-v1","100","300","Tianjin/8_2_1/530|Tianjin/8_2_1/8@1030100","Tianjin/8_2_1/530","Tianjin/8_2_1/8","1030100","1031100","1030800","1.407737715914593","11","cross|rear","pending",""
"7ce981d85b5399f93de7b88bab4c9baf2b25ca1717e96b3f39964f69fe50d18a","cv-obb-events-v1","100","300","Tianjin/8_2_1/532|Tianjin/8_2_1/534@1035800","Tianjin/8_2_1/532","Tianjin/8_2_1/534","1035800","1035800","1035800","2.9083685059360045","1","rear","pending",""
"7ce981d85b5399f93de7b88bab4c9baf2b25ca1717e96b3f39964f69fe50d18a","cv-obb-events-v1","100","300","Tianjin/8_2_1/528|Tianjin/8_2_1/8@1036300","Tianjin/8_2_1/528","Tianjin/8_2_1/8","1036300","1037500","1037300","2.171670249233723","13","vulnerable","pending",""
"7ce981d85b5399f93de7b88bab4c9baf2b25ca1717e96b3f39964f69fe50d18a","cv-obb-events-v1","100","300","Tianjin/8_2_1/519|Tianjin/8_2_1/529@1037600","Tianjin/8_2_1/519","Tianjin/8_2_1/529","1037600","1037900","1037900","2.3454033015225404","4","other","pending",""
"7ce981d85b5399f93de7b88bab4c9baf2b25ca1717e96b3f39964f69fe50d18a","cv-obb-events-v1","100","300","Tianjin/8_2_1/533|Tianjin/8_2_1/535@1038500","Tianjin/8_2_1/533","Tianjin/8_2_1/535","1038500","1039200","1039000","2.2848968463034756","8","cross","pending",""
"7ce981d85b5399f93de7b88bab4c9baf2b25ca1717e96b3f39964f69fe50d18a","cv-obb-events-v1","100","300","Tianjin/8_2_1/536|Tianjin/8_2_1/541@1046100","Tianjin/8_2_1/536","Tianjin/8_2_1/541","1046100","1046300","1046100","2.24265441312222","3","vulnerable","pending",""
"7ce981d85b5399f93de7b88bab4c9baf2b25ca1717e96b3f39964f69fe50d18a","cv-obb-events-v1","100","300","Tianjin/8_2_1/538|Tianjin/8_2_1/541@1046300","Tianjin/8_2_1/538","Tianjin/8_2_1/541","1046300","1048500","1048200","0.32494433967495195","23","vulnerable","pending",""
"7ce981d85b5399f93de7b88bab4c9baf2b25ca1717e96b3f39964f69fe50d18a","cv-obb-events-v1","100","300","Tianjin/8_2_1/536|Tianjin/8_2_1/541@1047000","Tianjin/8_2_1/536","Tianjin/8_2_1/541","1047000","1050500","1050000","0","36","vulnerable|overlap","pending",""
"7ce981d85b5399f93de7b88bab4c9baf2b25ca1717e96b3f39964f69fe50d18a","cv-obb-events-v1","100","300","Tianjin/8_2_1/534|Tianjin/8_2_1/541@1049400","Tianjin/8_2_1/534","Tianjin/8_2_1/541","1049400","1049700","1049700","2.834700270903971","4","cross","pending",""
"7ce981d85b5399f93de7b88bab4c9baf2b25ca1717e96b3f39964f69fe50d18a","cv-obb-events-v1","100","300","Tianjin/8_2_1/534|Tianjin/8_2_1/539@1049800","Tianjin/8_2_1/534","Tianjin/8_2_1/539","1049800","1050600","1050500","1.4609899747826678","9","vulnerable","pending",""
"7ce981d85b5399f93de7b88bab4c9baf2b25ca1717e96b3f39964f69fe50d18a","cv-obb-events-v1","100","300","Tianjin/8_2_1/534|Tianjin/8_2_1/541@1050900","Tianjin/8_2_1/534","Tianjin/8_2_1/541","1050900","1051700","1051400","2.5262618265467265","9","cross|other","pending",""
"7ce981d85b5399f93de7b88bab4c9baf2b25ca1717e96b3f39964f69fe50d18a","cv-obb-events-v1","100","300","Tianjin/8_2_1/539|Tianjin/8_2_1/544@1056000","Tianjin/8_2_1/539","Tianjin/8_2_1/544","1056000","1056400","1056400","2.8816216825549095","5","vulnerable","pending",""
"7ce981d85b5399f93de7b88bab4c9baf2b25ca1717e96b3f39964f69fe50d18a","cv-obb-events-v1","100","300","Tianjin/8_2_1/540|Tianjin/8_2_1/544@1057800","Tianjin/8_2_1/540","Tianjin/8_2_1/544","1057800","1058600","1058400","1.5437122736034274","9","cross","pending",""
"7ce981d85b5399f93de7b88bab4c9baf2b25ca1717e96b3f39964f69fe50d18a","cv-obb-events-v1","100","300","Tianjin/8_2_1/548|Tianjin/8_2_1/551@1059900","Tianjin/8_2_1/548","Tianjin/8_2_1/551","1059900","1060700","1060200","2.8611187077209275","9","cross","pending",""
"7ce981d85b5399f93de7b88bab4c9baf2b25ca1717e96b3f39964f69fe50d18a","cv-obb-events-v1","100","300","Tianjin/8_2_1/538|Tianjin/8_2_1/548@1060300","Tianjin/8_2_1/538","Tianjin/8_2_1/548","1060300","1060700","1060700","2.7680452256408383","5","vulnerable","pending",""
"7ce981d85b5399f93de7b88bab4c9baf2b25ca1717e96b3f39964f69fe50d18a","cv-obb-events-v1","100","300","Tianjin/8_2_1/410|Tianjin/8_2_1/556@1068300","Tianjin/8_2_1/410","Tianjin/8_2_1/556","1068300","1070700","1070000","1.9120552820624372","25","cross","pending",""
"7ce981d85b5399f93de7b88bab4c9baf2b25ca1717e96b3f39964f69fe50d18a","cv-obb-events-v1","100","300","Tianjin/8_2_1/552|Tianjin/8_2_1/554@1069200","Tianjin/8_2_1/552","Tianjin/8_2_1/554","1069200","1070300","1070300","1.202103961443137","12","vulnerable","pending",""
"7ce981d85b5399f93de7b88bab4c9baf2b25ca1717e96b3f39964f69fe50d18a","cv-obb-events-v1","100","300","Tianjin/8_2_1/554|Tianjin/8_2_1/558@1078900","Tianjin/8_2_1/554","Tianjin/8_2_1/558","1078900","1078900","1078900","2.874013400793051","1","vulnerable","pending",""
"7ce981d85b5399f93de7b88bab4c9baf2b25ca1717e96b3f39964f69fe50d18a","cv-obb-events-v1","100","300","Tianjin/8_2_1/554|Tianjin/8_2_1/559@1080900","Tianjin/8_2_1/554","Tianjin/8_2_1/559","1080900","1081300","1081100","2.0274373796855887","5","vulnerable","pending",""
"7ce981d85b5399f93de7b88bab4c9baf2b25ca1717e96b3f39964f69fe50d18a","cv-obb-events-v1","100","300","Tianjin/8_2_1/557|Tianjin/8_2_1/558@1083800","Tianjin/8_2_1/557","Tianjin/8_2_1/558","1083800","1085300","1085100","1.4173766922685151","16","cross","pending",""
"7ce981d85b5399f93de7b88bab4c9baf2b25ca1717e96b3f39964f69fe50d18a","cv-obb-events-v1","100","300","Tianjin/8_2_1/553|Tianjin/8_2_1/559@1084000","Tianjin/8_2_1/553","Tianjin/8_2_1/559","1084000","1084900","1084300","2.611234204797701","10","cross","pending",""
"7ce981d85b5399f93de7b88bab4c9baf2b25ca1717e96b3f39964f69fe50d18a","cv-obb-events-v1","100","300","Tianjin/8_2_1/552|Tianjin/8_2_1/561@1084600","Tianjin/8_2_1/552","Tianjin/8_2_1/561","1084600","1086400","1086400","1.161373837876666","19","rear","pending",""
"7ce981d85b5399f93de7b88bab4c9baf2b25ca1717e96b3f39964f69fe50d18a","cv-obb-events-v1","100","300","Tianjin/8_2_1/558|Tianjin/8_2_1/8@1085100","Tianjin/8_2_1/558","Tianjin/8_2_1/8","1085100","1085200","1085200","2.79955666951278","2","rear","pending",""
"7ce981d85b5399f93de7b88bab4c9baf2b25ca1717e96b3f39964f69fe50d18a","cv-obb-events-v1","100","300","Tianjin/8_2_1/553|Tianjin/8_2_1/564@1088100","Tianjin/8_2_1/553","Tianjin/8_2_1/564","1088100","1088500","1088100","2.6395996188850996","5","rear","pending",""
"7ce981d85b5399f93de7b88bab4c9baf2b25ca1717e96b3f39964f69fe50d18a","cv-obb-events-v1","100","300","Tianjin/8_2_1/553|Tianjin/8_2_1/565@1089900","Tianjin/8_2_1/553","Tianjin/8_2_1/565","1089900","1090600","1090600","2.5907388212287343","8","cross","pending",""
"7ce981d85b5399f93de7b88bab4c9baf2b25ca1717e96b3f39964f69fe50d18a","cv-obb-events-v1","100","300","Tianjin/8_2_1/564|Tianjin/8_2_1/565@1090800","Tianjin/8_2_1/564","Tianjin/8_2_1/565","1090800","1091600","1091100","2.4048778648782103","9","other","pending",""
"7ce981d85b5399f93de7b88bab4c9baf2b25ca1717e96b3f39964f69fe50d18a","cv-obb-events-v1","100","300","Tianjin/8_2_1/560|Tianjin/8_2_1/567@1096200","Tianjin/8_2_1/560","Tianjin/8_2_1/567","1096200","1096800","1096800","2.361912431329699","7","cross","pending",""
"7ce981d85b5399f93de7b88bab4c9baf2b25ca1717e96b3f39964f69fe50d18a","cv-obb-events-v1","100","300","Tianjin/8_2_1/563|Tianjin/8_2_1/567@1096800","Tianjin/8_2_1/563","Tianjin/8_2_1/567","1096800","1097600","1097600","2.290171591355127","9","cross","pending",""
"7ce981d85b5399f93de7b88bab4c9baf2b25ca1717e96b3f39964f69fe50d18a","cv-obb-events-v1","100","300","Tianjin/8_2_1/570|Tianjin/8_2_1/8@1119100","Tianjin/8_2_1/570","Tianjin/8_2_1/8","1119100","1120800","1120600","1.3026823762163577","18","vulnerable","pending",""
"7ce981d85b5399f93de7b88bab4c9baf2b25ca1717e96b3f39964f69fe50d18a","cv-obb-events-v1","100","300","Tianjin/8_2_1/571|Tianjin/8_2_1/574@1128900","Tianjin/8_2_1/571","Tianjin/8_2_1/574","1128900","1129000","1129000","2.7431991062579524","2","other","pending",""
"7ce981d85b5399f93de7b88bab4c9baf2b25ca1717e96b3f39964f69fe50d18a","cv-obb-events-v1","100","300","Tianjin/8_2_1/571|Tianjin/8_2_1/578@1129600","Tianjin/8_2_1/571","Tianjin/8_2_1/578","1129600","1132100","1132000","1.5193606336590786","26","cross","pending",""
"7ce981d85b5399f93de7b88bab4c9baf2b25ca1717e96b3f39964f69fe50d18a","cv-obb-events-v1","100","300","Tianjin/8_2_1/571|Tianjin/8_2_1/581@1134800","Tianjin/8_2_1/571","Tianjin/8_2_1/581","1134800","1135700","1135700","1.9968190562412318","10","rear","pending",""
"7ce981d85b5399f93de7b88bab4c9baf2b25ca1717e96b3f39964f69fe50d18a","cv-obb-events-v1","100","300","Tianjin/8_2_1/583|Tianjin/8_2_1/585@1144900","Tianjin/8_2_1/583","Tianjin/8_2_1/585","1144900","1147000","1146500","2.0000247480825366","22","cross","pending",""
"7ce981d85b5399f93de7b88bab4c9baf2b25ca1717e96b3f39964f69fe50d18a","cv-obb-events-v1","100","300","Tianjin/8_2_1/584|Tianjin/8_2_1/585@1146700","Tianjin/8_2_1/584","Tianjin/8_2_1/585","1146700","1147400","1146900","2.319358520439339","8","cross","pending",""
"7ce981d85b5399f93de7b88bab4c9baf2b25ca1717e96b3f39964f69fe50d18a","cv-obb-events-v1","100","300","Tianjin/8_2_1/583|Tianjin/8_2_1/584@1146800","Tianjin/8_2_1/583","Tianjin/8_2_1/584","1146800","1147000","1146900","1.7640358120118362","3","other|rear","pending",""
"7ce981d85b5399f93de7b88bab4c9baf2b25ca1717e96b3f39964f69fe50d18a","cv-obb-events-v1","100","300","Tianjin/8_2_1/591|Tianjin/8_2_1/592@1154200","Tianjin/8_2_1/591","Tianjin/8_2_1/592","1154200","1154700","1154700","0.8415996411171766","6","cross|other","pending",""
"7ce981d85b5399f93de7b88bab4c9baf2b25ca1717e96b3f39964f69fe50d18a","cv-obb-events-v1","100","300","Tianjin/8_2_1/595|Tianjin/8_2_1/597@1160500","Tianjin/8_2_1/595","Tianjin/8_2_1/597","1160500","1162800","1161600","2.396419645021867","24","rear","pending",""
"7ce981d85b5399f93de7b88bab4c9baf2b25ca1717e96b3f39964f69fe50d18a","cv-obb-events-v1","100","300","Tianjin/8_2_1/587|Tianjin/8_2_1/593@1162500","Tianjin/8_2_1/587","Tianjin/8_2_1/593","1162500","1165100","1164900","1.3097606148892116","27","vulnerable","pending",""
"7ce981d85b5399f93de7b88bab4c9baf2b25ca1717e96b3f39964f69fe50d18a","cv-obb-events-v1","100","300","Tianjin/8_2_1/589|Tianjin/8_2_1/597@1164300","Tianjin/8_2_1/589","Tianjin/8_2_1/597","1164300","1164800","1164600","2.5450280368167713","6","other","pending",""
"7ce981d85b5399f93de7b88bab4c9baf2b25ca1717e96b3f39964f69fe50d18a","cv-obb-events-v1","100","300","Tianjin/8_2_1/593|Tianjin/8_2_1/P66@1184500","Tianjin/8_2_1/593","Tianjin/8_2_1/P66","1184500","1188700","1184500","0","43","overlap","pending",""
"7ce981d85b5399f93de7b88bab4c9baf2b25ca1717e96b3f39964f69fe50d18a","cv-obb-events-v1","100","300","Tianjin/8_2_1/601|Tianjin/8_2_1/P62@1190100","Tianjin/8_2_1/601","Tianjin/8_2_1/P62","1190100","1191500","1191500","0.8564263775648848","15","vulnerable","pending",""
"7ce981d85b5399f93de7b88bab4c9baf2b25ca1717e96b3f39964f69fe50d18a","cv-obb-events-v1","100","300","Tianjin/8_2_1/605|Tianjin/8_2_1/8@1199900","Tianjin/8_2_1/605","Tianjin/8_2_1/8","1199900","1201100","1200900","1.3474158417103748","13","other|rear","pending",""