recording,track_id,type,timestamp_ms,x_m,y_m,vx_mps,vy_mps,yaw_rad
Tianjin/8_2_1,3,bus,110010.01001001002,50.15031323674368,24.33096873830115,0,0,-3.127630019573838
Tianjin/8_2_1,3,bus,110110.11011011012,50.15031323674368,24.33096873830115,0,0,-3.127630019573838
Tianjin/8_2_1,3,bus,110210.21021021022,50.15031323674368,24.33096873830115,0,0,-3.127630019573838
Tianjin/8_2_1,3,bus,110310.31031031032,50.15031323674368,24.33096873830115,0,0,-3.127630019573838
Tianjin/8_2_1,3,bus,110410.41041041042,50.15031323674368,24.33096873830115,0,0,-3.127630019573838
Tianjin/8_2_1,3,bus,110510.51051051052,50.15031323674368,24.33096873830115,0,0,-3.127630019573838
Tianjin/8_2_1,3,bus,110610.61061061062,50.15031323674368,24.33096873830115,0,0,-3.127630019573838
Tianjin/8_2_1,3,bus,110710.71071071071,50.15031323674368,24.33096873830115,0,0,-3.127630019573838
Tianjin/8_2_1,3,bus,110810.81081081081,50.15031323674368,24.33096873830115,0,0,-3.127630019573838
Tianjin/8_2_1,3,bus,110910.91091091091,50.15031323674368,24.33096873830115,0,0,-3.127630019573838
Tianjin/8_2_1,3,bus,111011.01101101101,50.15031323674368,24.33096873830115,0,0,-3.127630019573838
Tianjin/8_2_1,3,bus,111111.11111111111,50.15031323674368,24.33096873830115,0,0,-3.127630019573838
Tianjin/8_2_1,3,bus,111211.21121121121,50.15031323674368,24.33096873830115,0,0,-3.127630019573838
Tianjin/8_2_1,3,bus,111311.3113113113,50.15031323674368,24.33096873830115,0,0,-3.127630019573838
Tianjin/8_2_1,3,bus,111411.4114114114,50.15031323674368,24.33096873830115,0,0,-3.127630019573838
Tianjin/8_2_1,3,bus,111511.51151151152,50.15031323674368,24.33096873830115,0,0,-3.127630019573838
Tianjin/8_2_1,3,bus,111611.61161161162,50.15031323674368,24.33096873830115,0,0,-3.127630019573838
Tianjin/8_2_1,3,bus,111711.71171171172,50.15031323674368,24.33096873830115,0,0,-3.127630019573838
Tianjin/8_2_1,3,bus,111811.81181181181,50.15031323674368,24.33096873830115,0,0,-3.127630019573838
Tianjin/8_2_1,3,bus,111911.91191191191,50.15031323674368,24.33096873830115,0,0,-3.127630019573838
Tianjin/8_2_1,3,bus,112012.01201201201,50.15031323674368,24.33096873830115,0,0,-3.127630019573838
Tianjin/8_2_1,3,bus,112112.11211211211,50.15031323674368,24.33096873830115,0,0,-3.127630019573838
Tianjin/8_2_1,3,bus,112212.21221221221,50.15031323674368,24.33096873830115,0,0,-3.127630019573838
Tianjin/8_2_1,3,bus,112312.31231231231,50.15031323674368,24.33096873830115,0,0,-3.127630019573838
Tianjin/8_2_1,3,bus,112412.4124124124,50.15031323674368,24.33096873830115,0,0,-3.127630019573838
Tianjin/8_2_1,3,bus,112512.5125125125,50.15031323674368,24.33096873830115,0,0,-3.127630019573838
Tianjin/8_2_1,3,bus,112612.6126126126,50.15031323674368,24.33096873830115,0,0,-3.127630019573838
Tianjin/8_2_1,3,bus,112712.7127127127,50.15031323674368,24.33096873830115,0,0,-3.127630019573838
Tianjin/8_2_1,3,bus,112812.8128128128,50.15031323674368,24.33096873830115,0,0,-3.127630019573838
Tianjin/8_2_1,3,bus,112912.9129129129,50.15031323674368,24.33096873830115,0,0,-3.127630019573838
Tianjin/8_2_1,3,bus,113013.01301301303,50.15031323674368,24.33096873830115,0,0,-3.127630019573838
Tianjin/8_2_1,3,bus,113113.11311311313,50.15031323674368,24.33096873830115,0,0,-3.127630019573838
Tianjin/8_2_1,3,bus,113213.21321321322,50.15031323674368,24.33096873830115,0,0,-3.127630019573838
Tianjin/8_2_1,3,bus,113313.31331331332,50.15031323674368,24.33096873830115,0,0,-3.127630019573838
Tianjin/8_2_1,3,bus,113413.41341341342,50.15031323674368,24.33096873830115,0,0,-3.127630019573838
Tianjin/8_2_1,3,bus,113513.51351351352,50.15031323674368,24.33096873830115,0,0,-3.127630019573838
Tianjin/8_2_1,3,bus,113613.61361361362,50.15031323674368,24.33096873830115,0,0,-3.127630019573838
Tianjin/8_2_1,3,bus,113713.71371371372,50.15031323674368,24.33096873830115,0,0,-3.127630019573838
Tianjin/8_2_1,3,bus,113813.81381381382,50.15031323674368,24.33096873830115,0,0,-3.127630019573838
Tianjin/8_2_1,3,bus,113913.91391391392,50.15031323674368,24.33096873830115,0,0,-3.127630019573838
Tianjin/8_2_1,3,bus,114014.01401401401,50.15031323674368,24.33096873830115,0,0,-3.127630019573838
Tianjin/8_2_1,3,bus,114114.11411411411,50.15031323674368,24.33096873830115,0,0,-3.127630019573838
Tianjin/8_2_1,3,bus,114214.21421421421,50.15031323674368,24.33096873830115,0,0,-3.127630019573838
Tianjin/8_2_1,3,bus,114314.31431431431,50.15031323674368,24.33096873830115,0,0,-3.127630019573838
Tianjin/8_2_1,3,bus,114414.41441441441,50.15031323674368,24.33096873830115,0,0,-3.127630019573838
Tianjin/8_2_1,3,bus,114514.5145145145,50.15031323674368,24.33096873830115,0,0,-3.127630019573838
Tianjin/8_2_1,3,bus,114614.61461461463,50.15031323674368,24.33096873830115,0,0,-3.127630019573838
Tianjin/8_2_1,3,bus,114714.71471471473,50.15031323674368,24.33096873830115,0,0,-3.127630019573838
Tianjin/8_2_1,3,bus,114814.81481481483,50.15031323674368,24.33096873830115,0,0,-3.127630019573838
Tianjin/8_2_1,3,bus,114914.91491491493,50.15031323674368,24.33096873830115,0,0,-3.127630019573838
Tianjin/8_2_1,3,bus,115015.01501501503,50.15031323674368,24.33096873830115,0,0,-3.127630019573838
Tianjin/8_2_1,3,bus,115115.11511511513,50.15031323674368,24.33096873830115,0,0,-3.127630019573838
Tianjin/8_2_1,3,bus,115215.21521521523,50.15031323674368,24.33096873830115,0,0,-3.127630019573838
Tianjin/8_2_1,3,bus,115315.31531531533,50.15031323674368,24.33096873830115,0,0,-3.127630019573838
Tianjin/8_2_1,3,bus,115415.41541541542,50.15031323674368,24.33096873830115,0,0,-3.127630019573838
Tianjin/8_2_1,3,bus,115515.51551551552,50.15031323674368,24.33096873830115,0,0,-3.127630019573838
Tianjin/8_2_1,3,bus,115615.61561561562,50.15031323674368,24.33096873830115,0,0,-3.127630019573838
Tianjin/8_2_1,3,bus,115715.71571571572,50.15031323674368,24.33096873830115,0,0,-3.127630019573838
Tianjin/8_2_1,3,bus,115815.81581581582,50.15031323674368,24.33096873830115,0,0,-3.127630019573838
Tianjin/8_2_1,3,bus,115915.91591591592,50.15031323674368,24.33096873830115,0,0,-3.127630019573838
Tianjin/8_2_1,3,bus,116016.01601601602,50.15031323674368,24.33096873830115,0,0,-3.127630019573838
Tianjin/8_2_1,3,bus,116116.11611611613,50.15031323674368,24.33096873830115,0,0,-3.127630019573838
Tianjin/8_2_1,3,bus,116216.21621621623,50.15031323674368,24.33096873830115,0,0,-3.127630019573838
Tianjin/8_2_1,3,bus,116316.31631631633,50.15031323674368,24.33096873830115,0,0,-3.127630019573838
Tianjin/8_2_1,3,bus,116416.41641641642,50.15031323674368,24.33096873830115,0,0,-3.127630019573838
Tianjin/8_2_1,3,bus,116516.51651651652,50.15031323674368,24.33096873830115,0,0,-3.127630019573838
Tianjin/8_2_1,3,bus,116616.61661661662,50.15031323674368,24.33096873830115,0,0,-3.127630019573838
Tianjin/8_2_1,3,bus,116716.71671671672,50.15031323674368,24.33096873830115,0,0,-3.127630019573838
Tianjin/8_2_1,3,bus,116816.81681681682,50.15031323674368,24.33096873830115,0,0,-3.127630019573838
Tianjin/8_2_1,3,bus,116916.91691691692,50.15031323674368,24.33096873830115,0,0,-3.127630019573838
Tianjin/8_2_1,3,bus,117017.01701701702,50.15031323674368,24.33096873830115,0,0,-3.127630019573838
Tianjin/8_2_1,3,bus,117117.11711711712,50.15031323674368,24.33096873830115,0,0,-3.127630019573838
Tianjin/8_2_1,3,bus,117217.21721721721,50.15031323674368,24.33096873830115,0,0,-3.127630019573838
Tianjin/8_2_1,3,bus,117317.31731731731,50.15031323674368,24.33096873830115,0,0,-3.127630019573838
Tianjin/8_2_1,3,bus,117417.41741741741,50.15031323674368,24.33096873830115,0,0,-3.127630019573838
Tianjin/8_2_1,3,bus,117517.51751751751,50.15031323674368,24.33096873830115,0,0,-3.127630019573838
Tianjin/8_2_1,3,bus,117617.61761761761,50.15031323674368,24.33096873830115,0,0,-3.127630019573838
Tianjin/8_2_1,3,bus,117717.71771771774,50.15031323674368,24.33096873830115,0,0,-3.127630019573838
Tianjin/8_2_1,3,bus,117817.81781781784,50.15031323674368,24.33096873830115,0,0,-3.127630019573838
Tianjin/8_2_1,3,bus,117917.91791791793,50.15031323674368,24.33096873830115,0,0,-3.127630019573838
Tianjin/8_2_1,3,bus,118018.01801801803,50.15031323674368,24.33096873830115,0,0,-3.127630019573838
Tianjin/8_2_1,3,bus,118118.11811811813,50.15031323674368,24.33096873830115,0,0,-3.127630019573838
Tianjin/8_2_1,3,bus,118218.21821821823,50.15031323674368,24.33096873830115,0,0,-3.127630019573838
Tianjin/8_2_1,3,bus,118318.31831831833,50.15031323674368,24.33096873830115,0,0,-3.127630019573838
Tianjin/8_2_1,3,bus,118418.41841841843,50.15031323674368,24.33096873830115,0,0,-3.127630019573838
Tianjin/8_2_1,3,bus,118518.51851851853,50.15031323674368,24.33096873830115,0,0,-3.127630019573838
Tianjin/8_2_1,3,bus,118618.61861861862,50.15031323674368,24.33096873830115,0,0,-3.127630019573838
Tianjin/8_2_1,3,bus,118718.71871871872,50.15031323674368,24.33096873830115,0,0,-3.127630019573838
Tianjin/8_2_1,3,bus,118818.81881881882,50.15031323674368,24.33096873830115,0,0,-3.127630019573838
Tianjin/8_2_1,3,bus,118918.91891891892,50.15031323674368,24.33096873830115,0,0,-3.127630019573838
Tianjin/8_2_1,3,bus,119019.01901901902,50.15031323674368,24.33096873830115,0,0,-3.127630019573838
Tianjin/8_2_1,3,bus,119119.11911911912,50.15031323674368,24.33096873830115,0,0,-3.127630019573838
Tianjin/8_2_1,3,bus,119219.21921921922,50.15031323674368,24.33096873830115,0,0,-3.127630019573838
Tianjin/8_2_1,3,bus,119319.31931931933,50.15031323674368,24.33096873830115,0,0,-3.127630019573838
Tianjin/8_2_1,3,bus,119419.41941941943,50.15031323674368,24.33096873830115,0,0,-3.127630019573838
Tianjin/8_2_1,3,bus,119519.51951951953,50.15031323674368,24.33096873830115,0,0,-3.127630019573838
Tianjin/8_2_1,3,bus,119619.61961961963,50.15031323674368,24.33096873830115,0,0,-3.127630019573838
Tianjin/8_2_1,3,bus,119719.71971971972,50.15031323674368,24.33096873830115,0,0,-3.127630019573838
Tianjin/8_2_1,3,bus,119819.81981981982,50.15031323674368,24.33096873830115,0,0,-3.127630019573838
Tianjin/8_2_1,3,bus,119919.91991991992,50.15031323674368,24.33096873830115,0,0,-3.127630019573838