track_id,model,anchor_ms,horizon_s,predicted_x_m,predicted_y_m,endpoint_error_m
Tianjin/8_2_1/71,ctrv,119919.91991991992,0,45.05619483817811,14.23421820600907,
Tianjin/8_2_1/71,ctrv,119919.91991991992,0.1,45.874530617016454,14.204177989348567,
Tianjin/8_2_1/71,ctrv,119919.91991991992,0.2,46.692532096099285,14.16610645454525,
Tianjin/8_2_1/71,ctrv,119919.91991991992,0.3,47.51012045629598,14.120007270009689,
Tianjin/8_2_1/71,ctrv,119919.91991991992,0.4,48.32721691828232,14.065884877662517,
Tianjin/8_2_1/71,ctrv,119919.91991991992,0.5,49.143742750131274,14.003744492506419,
Tianjin/8_2_1/71,ctrv,119919.91991991992,0.6,49.9596192748993,13.933592102123637,
Tianjin/8_2_1/71,ctrv,119919.91991991992,0.7,50.77476787820732,13.855434466099037,
Tianjin/8_2_1/71,ctrv,119919.91991991992,0.8,51.58911001581566,13.769279115368793,
Tianjin/8_2_1/71,ctrv,119919.91991991992,0.9,52.40256722119224,13.675134351494716,
Tianjin/8_2_1/71,ctrv,119919.91991991992,1,53.215061113073254,13.573009245864363,0.6663893815757864
Tianjin/8_2_1/71,ctrv,119919.91991991992,1.1,54.0265134030157,13.462913638816955,
Tianjin/8_2_1/71,ctrv,119919.91991991992,1.2,54.83684590294087,13.344858138695209,
Tianjin/8_2_1/71,ctrv,119919.91991991992,1.3,55.645980532668254,13.218854120823146,
Tianjin/8_2_1/71,ctrv,119919.91991991992,1.4,56.453839327439,13.084913726410052,
Tianjin/8_2_1/71,ctrv,119919.91991991992,1.5,57.26034444542826,12.943049861380565,
Tianjin/8_2_1/71,ctrv,119919.91991991992,1.6,58.065418175245696,12.793276195131112,
Tianjin/8_2_1/71,ctrv,119919.91991991992,1.7,58.868982943423454,12.635607159212817,
Tianjin/8_2_1/71,ctrv,119919.91991991992,1.8,59.67096132189074,12.47005794594092,
Tianjin/8_2_1/71,ctrv,119919.91991991992,1.9,60.47127603543454,12.296644506930903,
Tianjin/8_2_1/71,ctrv,119919.91991991992,2,61.26984996914547,12.115383551561482,
Tianjin/8_2_1/71,ctrv,119919.91991991992,2.1,62.06660617584825,11.926292545364543,
Tianjin/8_2_1/71,ctrv,119919.91991991992,2.2,62.861467883516035,11.729389708342243,
Tianjin/8_2_1/71,ctrv,119919.91991991992,2.3,63.654358502667804,11.524694013211402,
Tianjin/8_2_1/71,ctrv,119919.91991991992,2.4,64.44520163374821,11.3122251835754,
Tianjin/8_2_1/71,ctrv,119919.91991991992,2.5,65.23392107448916,11.09200369202366,
Tianjin/8_2_1/71,ctrv,119919.91991991992,2.6,66.02044082725223,10.864050758159028,
Tianjin/8_2_1/71,ctrv,119919.91991991992,2.7,66.80468510635157,10.628388346553102,
Tianjin/8_2_1/71,ctrv,119919.91991991992,2.8,67.58657834535627,10.385039164629866,
Tianjin/8_2_1/71,ctrv,119919.91991991992,2.9,68.3660452043716,10.134026660477666,
Tianjin/8_2_1/71,ctrv,119919.91991991992,3,69.14301057729844,9.875375020589884,